Carwash Name,Carwash Website
LUV Car Wash,https://luvcarwash.com
LUV Car Wash,www.luvcarwash.com
Quick Quack Car Wash,www.dontdrivedirty.com
ClearWater Express Wash,www.clearwaterexpresswash.com
Freedom Flex Car Wash,www.freedomflexcarwash.com
Marvel Carwash and Dogwash,www.marvelcarwash.com
PitStop CarWash,www.acleancarfast.com
Mr. Suds Express Car Wash,www.mrsuds-carwash.com
Mister Car Wash,www.mistercarwash.com
Jacksons Car Wash,www.jacksons.com
Luv Car Wash,https://luvcarwash.com
Super Star Car Wash,www.superstarcarwashaz.com
Quick Shine Express Wash,www.quickshineexpresswash.com
Mister Car Wash,www.misterscarwash.com
Jim's Express Car Wash,www.jimsexpresswash.com
Cliff's Car Wash,www.cliffscarwashes.com
Cliff's Car Wash Riverdale,www.cliffscarwashes.com
Take 5 Express Car Wash,www.take5carwash.com
Cobblestone Auto Spa,www.cobblestone.com
ScrubHub Car Wash,www.scrubhubcarwash.com
Texas Star Wash & Detail,www.texasstarwash.com
Russell Speeders Car Wash,www.russellspeeders.com
Soapy Joe's Car Wash,www.soapyjoesmn.com
Whistle Express Car Wash,www.whistleautowash.com
Sparkle Express Car Wash,www.sparklemyride.com
Lindstorm Family Auto Wash,www.lindstromautowash.com
Washville,www.washvillecarwash.com
Super 4 Seasons Car Wash & Det,www.super4seasoncarwash.com
Raindancer Car Wash,www.rcarwash.com
Superior Fry Road Car Wash,www.frycarwash.com
Hippo Car Wash,www.hippocarwash.com
Vic's Express Car Wash & Detail Center,www.vicsexpresscarwash.net
El Car Wash,www.elcarwash.com
VIP Express CarWash,www.unlimitedwashes.com
Kuhnsville Car Wash,www.kcwash.com
Dean's Car Wash,www.deanscarwash.com
Murray Auto Spa,www.murrayautospa.com
Sunset Car Wash,www.sunsetcarwashbellingham.co
Washville Car Wash,www.washvillecarwash.com
Delta Sonic Car Wash,www.deltasoniccarwash.com
Colorado Auto Wash,www.coloradoautowash.com
Hingham Car Wash,www.hinghamcarwash.com
Splash Car Wash & Express Lube,www.cleancarfast.com
Splash Car Wash,www.cleancarfast.com
Rhyno Car Wash,www.rhynocarwash.com
Zips Car Wash,www.zipscarwash.com
Splash CarWash,www.cleancarfast.com
Club Car Wash (Coming),www.clubcarwash.com
Spalsh Car Wash,www.cleancarfast.com
Turnpike Car Wash,https://turnpikecarwash.club
Watershed Car Wash,www.watershedcarwash.com
Rainbow Car Wash,www.rainbowcarwashkc.com
Jax Kar Wash,www.jaxkarwash.com
Englewood Car Wash & Detail,www.englewoodcarwash.us.com
Endless Clean Car Wash,www.endlesscleancarwash.com
Go Clean Car Wash,www.gocleancarwash.com
Aggieland Express Car Wash,www.aggielandexpress.com
Aggieland Express Car Wash (co,www.aggielandexpress.com
Go Car Wash,www.gocarwash.com
Wash and Wax Pros,www.washandwaxpros.com
Raccoon Express Car Wash,www.raccoonexpresscarwash.com
Carmel Car Wash,www.carmelcarwash.com
Super Shine Car Wash & Lube,www.carwashsupershine.com
513 Car Wash,www.513wash.com
Wet-N-Jet Car Wash,www.wetnjet.com
Rich's Car Wash,www.richscarwash.com
Belmont Car Wash,www.belmontcarwash.net
Pacifico Mall Car Wash,www.pacificocars.com
Drive & Shine Car Wash,www.driveandshine.com
Aberdeen Car Wash,www.aberdeencarwash.com
Chemical Guys Car Wash,www.chemicalguys.com
Alabaster Car Wash and Wax,www.alabastercarwash.com
Aladdin Car Wash,www.aladdincarwash.com
The Washery System,www.thewasherysystem.com/hazle
ModWash,www.modwash.com
All Washed Up Auto Spa,www.allwashedupautospa.com
All Washed Up Auto Spa (Coming,www.allwashedupautospa.com
Papa Bear's Car Wash,www.papabearsautocenter.com
Alpine Car Wash,www.alpinewash.com
Unlimited Auto Wash Club,www.unlimitedautowashclub.com
Autobell Car Wash,www.autobell.com
American Pride Car Wash,www.americanpridexpress.com
American Pride Xpress Carwash,https://americanpridexpress.co
American Pride Xpress CarWash,www.americanpridexpress.com
American Pride Express Carwash,https://americanpridexpress.co
Apple Car Wash & Lube,www.applecarwashusa.com
Take 5 Car Wash,www.take5.com
Aqua Bubbles Car Wash,www.aquabubblecarwash.com
Aqua Breeze Car Wash,www.aquabreezecarwash.com
Aqua Shine Car Wash,www.aloias.com
Aqua Blue Car Wash,www.aquabluecarwash.com
Aqua Blue Car Wash,https://aquabluecarwash.com
Splash wash,www.splashwashsalem.com
Splash & Dash Car Wash,www.splashdashac.com
Autobrite Express,www.autobritecarwashes.com
Kingston Car Wash,www.kingstoncarwash.com
Scrub-It Car Wash,www.scrubitcarwash.com
GO Carwash,www.gocarwash.com
Autosport Wash,www.autosportwash.net
AutoSuds West Car Wash,www.autosudswest.com
Avatar Car Wash,www.avatarexpresscarwash.com
Bamboo Car Wash,www.bamboocarwash.com
Big Dan's Car Wash,www.bigdanscarwash.com
El Car Wash,https://elcarwash.com
Sud Stop Car Wash,www.sudstopcarwash.com
Big Dan's Car Wash (Coming),www.bigdanscarwash.com
Big Dans Car Wash,www.bigdanscarwash.com
Marc-1 Car Wash,www.marc1carwash.com
Crew Car Wash,www.crewcarwash.com
Big Peach Car Wash,www.bigpeachcarwash.com
Big Peach Car Wash & Lube,www.bigpeachcarwash.com
Tidal Wave Auto Spa,www.tidalwaveautospa.com
Big Peach Car Wash (Coming),www.bigpeachcarwash.com
Big Peach Car Wash,www.bigpeachusa.com
Big River Car Wash,www.bigrivercarwash.com
Big River Car Wash (Coming),www.bigrivercarwash.com
Peachy Car Wash,www.peachyexpresswash.com
Blast Car Wash,www.blastcw.com
Blue Buffalo Car Wash,www.bluebuffalocarwash.com
Blue Cow Car Wash,www.bluecowmt.com
Take 5 Car Wash,www.take5carwash.com
In and Out Car Wash,www.inoutwash.com
Mister  Car Wash,www.mistercarwash.com
McBee's Coffee N Carwash,www.mcbeeswash.com
Blue Penguin Car Wash,www.bluepenguincarwash.com
Blue Rain Express Car Wash,www.blueraincarwash.com
Blue Rain  Express Car Wash,www.blueraincarwash.com
Blue Rhino Car Wash,www.bluerhinocarwash.com
Blue Sky Car Wash,www.blueskycarwashes.com
5-Minute Express Car Wash,www.byram5minuteexpresscarwash
Blue Water Express Wash,www.bluewatercarwash.com
GO Car Wash,www.gocarwash.com
Blue Wave Express Car Wash,www.bluewaveexpress.com
BlueWave Express Car Wash,www.bluewaveexpress.com
BlueWave Express Car Wash,www.bluewaveexpresscarwash.com
EZ Clean Express,www.ezcleanexpress.com
Monterey Vineyard Car wash,www.vineyardcarwash.com
Hula Car Wash,www.hulacarwash.com
Suds Deluxe Car Wash,www.sudsdeluxe.com
Brite Brothers,www.britebrotherscarwash.com
Clearwater Express Car Wash,www.clearwaterexpresswash.com
Club Car Wash,www.clubcarwash.com
The Wash Tub,www.washtub.com
Blue Wave Car Wash,www.bluewaveexpress.com
Blue Wave Car Wash,https://bluewaveexpress.com
Ultimate Express Car Wash,www.ultimateexpresswash.com
BluWave Express,www.bluewaveexpress.com
Blu Palm Express Car Wash,www.blupalmexpress.com
Blu Car Wash,www.blucarwash.com
Blu's Car Wash,www.bluscarwash.com
Bobby's Car Wash (Coming Soon),www.bobbyscarwash.com
Cool Clean Car Wash,https://coolcleanwash.com
DayBreak Car Wash,www.daybreakmarketandfuel.com
PC Fresh Wash,www.pcfreshwash.com
Brickyard Car Wash,www.brickyardcarwash.com
Zoom Car Wash,www.zoomcarwashes.com
Bubba's Express Carwash,www.bubbascarwash.com
Bubble Bay Car Wash,https://www.bubblebaywash.com/
Bubble Bay Car Wash,www.bubblebaywash.com
Bubble Brother,www.bubblebrotherscarwash.com
Bubble Down Car Wash,www.bubbledown.com
Bubble Down Car Wash (coming),www.bubbledown.com
Quick N Clean,www.quicknclean.net
Bubble N Vacs,www.bubblenvacs.com
Buckeye Express,www.buckeyeexpresscarwash.com
Buckeye Express Car Wash,www.buckeyeexpresscarwash.com
Buckeye Express Car wash,www.buckeyeexpresscarwash.com
Buckeye Express Car Wash (Comi,www.buckeyeexpresscarwash.com
Autowash Express,www.autowashco.com
Buffalo Chevron Carwash,www.buffalochevron.com
Buggy Bath Car Wash,www.buggybathreno.com
Bulldog Car Wash,www.bulldogcarwash.com
Bulldog Car Wash,www.bulldogscarwash.com
Buster's Car Wash,www.busterscarwash.com
Ventura Car Wash Time,www.venturacarwashtime.com
Cadillac Express Car Wash,www.cadillacexpresscarwash.com
Cajun Clean Express Car Wash,www.cajuncleanexpress.com
Cajun Clean Express Car Wash,www.cajunclean.com
Caliber Car Wash,www.calibercarwash.com
4th Avenue Car Wash,www.4thavenuecarwash.com
Wash-Rite Express Car Wash,www.wash-riteunlimited.com
Scrubby's Car Wash,www.scrubbyscarwashes.com
California Hand Wash,www.californiahandwash.com
Caliber Car Wash,https://calibercarwash.com
"Carl's Wash, Lubritorium and Service Center",www.carlswashnlube.com
Heroes Car Wash,www.heroesexpress.com
Huricane Express Wash,www.hurricanewash.com
Hurricane Express Wash,www.hurricanewash.com
Shores Express Car Wash,www.shoresexpresscarwash.com
Carroll Clean Car Wash,www.carrollcleancarwash.com
The Car Wash Company,https://thecwco.com
Car Wash Palace,www.cwpalace.com
Century Express CarWash,www.centurywash.com
Century Express Carwash,www.centurywash.com
Rock & Roll Car Wash,www.rocknrollcw.com
Wash N' Roll Car Wash,www.mywashnroll.com
Champion Car Wash,www.champxpress.com
Champion Car Wash,www.championcarwashanddetailsh
Champions Car Wash,www.championscarwash.com
Champion Xpress CarWash,www.champxpress.com
Champion Express Carwash,www.champxpress.com
Champion Xpress Carwash,www.champxpress.com
Rainbow Car Wash,www.rainbowcarwashia.com
Tommy's Express® Car Wash,www.tommys-express.com
Mister Car Wash #364,www.mistercarwash.com
Mister Car Wash #365,www.mistercarwash.com
Express Wash,www.caseys.com
Lone Star Suds,www.lonestarsuds.com
Mister Car Wash,www.mistercarwashes.com
Fast Track Car Wash,www.fasttrackcarwash.com
SpeedWash Car Wash,www.speedwashusa.com
Cityview Car Wash,https://cityviewcarwash.com
Classic Car Wash,www.classiccarwashri.com
Classic Auto Wash,www.classicautowashny.com
Classie Carwash,www.classieexpresscarwashky.co
Classic Touch Auto Wash,www.classictouchws.com
Clean Car Wash,www.cleancw.com
Wish Wash Car Wash,www.wishwashcarwash.com
University Park Auto Spa,www.universityparkautospa.com
Club Car Wash,wwww.clubcarwash.com
Clean Wave Express Car Wash,www.cleanwaveexpress.com
Clearwash,www.clearwashcalgary.com
Super Star Car Wash,www.superstarcarwash.com
Coast 2 Coast Car Wash & Detai,www.coast2coastcarwash.com
Scrubbie’s Express Wash,https://scrubbiesexpress.com
The Finish Line Car Wash,https://finishlinewash.com
Cool Clean CarWash,https://coolcleanwash.com
Cool River Car Wash,www.coolrivercarwash.com
Cool Sudz Car Wash,https://coolsudzcarwash.com
Sheridan Shell Car Wash,www.shell.us
Coral Springs Classic Car Wash,www.classic-carwash.com
Cosmic Express,www.cosmicexpresscarwash.com
Cosmic Express Car Wash,www.cosmicexpresscarwash.com
Katie's Express Car Wash,www.katiesexpresscarwash.com
Atlantic Express Car Wash,www.atlanticexpresscarwashes.c
Dash Car Wash,https://dashcarwash.com
3 Minute Express Car Wash,www.3mincarwash.com
Dash Car Wash,‎https://dashcarwash.com
Dash Car Wash,www.dashcarwash.com
Rinse N Ride Car Wash,www.rinsenride.com
Rinse n Ride  Car Wash,www.rinsenride.com
Rinse n Ride Car Wash,www.rinsenride.com
Fast & Friendly Express Car Wash,www.fastandfriendlycarwash.com
Ultra Clean Express Car Wash,www.ultracleanexpress.com
Ultra Clean Express CarWash,www.ultracleanexpress.com
LinksCar Wash,www.linkscarwash.com
Zee Car Wash,www.zeescarwash.com
El Segundo 5-Minute Express,https://5mincarwash.com
Octopus Car Wash,www.octopuscarwashflorida.com
Whistle Express Car Wash,www.whistleexpresscarwash.com
Detrick's Car Wash,www.detrickscarwashinc.com
Dicky's Express Car Wash,www.dickyscarwash.com
Dino Clean Car Wash,www.dinocleancarwash.com
Dino Dash Car Wash,www.dinodashcarwash.com
Dirty Birdy Car Wash,www.dirtybirdycarwash.com
Dirty Dogs Car Wash,www.dirtydogscarwash.com
Dirty Dog's Car Wash,www.dirtydogscarwash.com
Dirty Dog’s Car Wash,www.dirtydogscarwash.com
Mobil Soft Cloth Car Wash,www.exxon.com
Twins Car Wash,www.twinsexpresscarwash.com
Trademark Car Wash,www.trademarkcarwash.com
Easy Clean Car Wash,www.myeasyclean.com
Drive Thru Express Car Wash,www.drivethruexpresscarwash.co
Dusto's Car Wash,www.dustoscarwash.com
Edge Express Car Wash,www.edgeexpresscarwash.com
E Express Car Wash,https://e-expresscarwash.com
Elite Car Wash,www.elitecarwashca.com
Wash City Car Wash,www.washcitycarwash.com
Weiss Guys Car Wash,www.weissguysaz.com
Elephant Car Wash,www.elephantcarwash.com
Elephant Car Wash,wwwelephantcarwash.com
Weiss Guys Express Wash,www.weissguysaz.com
Hercules Express Wash,www.herculeswash.com
Elks Edge Express Wash,www.elksedgecarwash.com
Canyon Creek Car Wash,www.cefcostores.com
Evanston Car Wash & Detail Cen,www.carwashevanston.com
Evergreen Express Car Wash,www.locations.valero.com
Sierra Express Car Wash,www.sierrawash.com
Evolution Car Wash,www.evolutioncarwashes.com
Express Wash on Vaughn,www.expresswashonvaughn.com
Express Pro Car wash,www.expressprocarwash.com
Express Wash on Florida,www.expresswashonflorida.com
Express Wash on Irlo,www.expresswashonirlo.com
Express Wash on Central,www.expresswashoncentral.com
Express Wash on Hills,www.expresswashonhills.com
Expressway 55 Car Wash,www.expressway55carwash.com
Extreme Express Car Wash,www.extremeexpresscarwash.com
Fast N Furious SpeedWash,www.fastnfuriousspeedwash.com
Fast Trac Car Wash,www.ftcarwash.com
Fast Track Car Wash,www.ftcarwash.com
Feel Great Car Wash,www.feelgreatcarwash.com
Landshark Car Wash,www.landsharkwash.com
Feel Great Car Wash,https://feelgreatcarwash.com
Firehose Car Wash,www.firehosewash.com
5 Star Express Car Wash,www.wash5star.com
Fast Eddie's Car Wash,www.fasteddiescarcare.com
Floris Car Wash,www.floriscarwash.com
Slyde’s Car Wash,www.slydescarwash.com
Foamworks Auto Spa,www.foamworkscarwash.com
Eagles Landing Auto Spa,www.eagleslandingautospa.com
Tommy’s Express® Car Wash,www.tommys-express.com
FoamWorks Auto Spa,www.foamworkscarwash.com
Foothills Car Wash,www.ahwatukeecarwash.com
Four Seasons Auto Wash Express,www.fourseasonsautowash.com
Four Seasons Auto Wash,www.fourseasonsautowash.com
Fullerton Car Wash,www.fullertoncarwash.com
Galaxy Car Wash,www.galaxyexpresscarwash.com
Gallo Car Wash,www.gallocarwash.com
GATE Express Car Wash,www.gateexpresscarwash.com
Gate Express Car Wash,www.gateexpresscarwash.com
Gate Express Carwash,www.gateexpresscarwash.com
Gate Express CarWash,www.gateexpresscarwash.com
GATE Express Carwash,www.gateexpresscarwash.com
Glacier Express Car Wash,www.glacierwash.com
Glacier Car Wash,www.glaciercarwash.com
Ultra Car Wash,www.ultracarwash.com
Go Green 'N' Clean Car Wash,www.gogreenncleancarwash.com
GoShine Express Car Wash,www.goshineexpress.com
Go Touchless Car Wash,https://gotouchlesscarwash.com
Grand Prix Car Wash,www.grandprixcarwash1.com
Grand Prix Express Car Wash,www.grandprixcarwash1.com
Great North Auto Wash,www.thegreatnorthautowash.com
Green Ocean Car Wash,www.greenoceancarwash.com
Green Valley Grocery Carwash,www.gvsupermarket.com
Tommy's Express Car Wash,www.tommys-express.com
Some Guy's Car Wash,www.someguyscarwash-northbabyl
Station 385 Car Wash,www.station385carwash.com
Gwatzilla Wasn-N-Lube,www.gwatzillawash.com
Rocket Carwash,www.rocketcarwash.com
Haffner's Car Wash,www.haffners.com
Haffner's Car Wash,www.haffnersoil.com
Hall of Fame Car Wash,https://halloffamecarwash.com
Hall Of Fame Car Wash,www.halloffamecarwash.com
Happy's Drive Thru Car Wash,www.happyswash.com
Happy's Drive-Thru Car Wash,www.happyswash.com
Hi-Tech Auto Care,www.hitechautocarepr.com
Car Pool Car Wash,www.carpoolcarwashes.com
WashWorks Express,www.weashworksexpress.com
Castaway Car Wash,www.castawaycarwash.com
IDS Express Carwash,www.idscarwash.com
Iko Car Wash,www.ikocarwash.com
Imperial Car Wash,www.imperialcarwash.biz
Intracoastal Car Wash,www.intracoastalcarwash.com
iShine Express Car Wash & Detail,www.ishinecarwash.com
iShine Express Car Wash,www.ishinecarwash.com
Links Car Wash,www.linkscarwash.com
Jammin Car Wash,www.jammincarwash.com
Jerry's Car Wash,https://washatjerrys.com
Jerry's Express Car Wash,www.jerrysexpress.com
Jet Express Car Wash,www.jetexpresscarwash.com
Jets Car Wash,www.jetscarwash.com
Express Car Wash,www.jiffylube.mywashaccount.co
Jimmy Suds Car Wash,www.jimmysuds.com
JJ's Car Wash,www.jjscarwash.com
Joe Holland Quick Wash,www.joehollandquickwash.com
Joe's Car Wash,www.joescarwash.com
Johnny's Auto Spa & Detail,www.johnnysautospa.com
John's Auto Spa,www.johnsautospa.com
Johnson Texaco Xpress Lube & Car Wash,www.johnsonxpress.com
Pit Stop Express Car Wash,www.pitstoplv.com
Jules Car Wash,www.julescarwash.com
Key Car Wash,www.keycarwash.com
Top Dog Car Wash,www.topdogcarwash.com
Kings Car Wash Express,www.kingscarwashexpress.com
Kiwi Car Wash,www.kiwicarwash.com
Kiwi Car Wash (Coming),www.kiwicarwash.com
Koziol Car Wash,www.koziolcarwash.com
Havasu Express Car Wash,www.havasuexpresscarwash.com
Lakes Edge Express Wash,www.lakesedgecarwash.com
WhiteWater Express Car Wash,www.whitewatercw.com
Manteca Express Wash,www.mantecaexpresswash.com
Launch Car Wash,www.launchcarwash.com
Quick N Clean Car Wash,www.quicknclean.net
Waters Car Wash,https://waterscarwash.com
Luv Car Wash,luvcarwash.com
Cobblestone Car Wash,www.cobblestone.com
The Local Car Spot Company,www.thelocalcarspot.com
Mighty Wash,www.mymightywash.com
Lonestar Suds Express Car Wash,www.lonestarsuds.com
Lonestar Suds Car Wash -Coming,www.lonestarsuds.com
LUV Car Wash (Coming Soon),www.luvcarwash.com
LUV Car Wash,www.luvcarwash.com.com
Luv Car Wash,www.luvcarwash.com
Scrubbles Express Wash,www.scrubblesexpresswash.com
Wishy Washy Express Car Wash,www.wishywashycarwash.com
Lux Car Wash,www.luxexpresscarwash.com
Magic Brush Car Wash,www.magicbrushexpress.com
Magic Brush Express Car Wash,www.magicbrushexpress.com
Magic Brush Express Carwash,www.magicbrushexpress.com
GO Car Wash,https://gocarwash.com
Magic Tunnel Express Car Wash,www.magictw.com
Cheseldine Car Wash,www.cheseldinecarwash.com
Whistle Express,www.whistleexpress.com
Cleanland Car Wash,www.cleanlandcarwash.com
Whistle Express Car Wash (Comi,www.whistleexpresscarwash.com
Whistle Express Car Wash (Magn,www.whistleexpresscarwash.com
Mister Car Wash,https://mistercarwash.com
Bliss Car Wash,www.blisscarwash.com
Main Street Auto Spa,www.universityparkautospa.com
The Auto Spa,www.theautospaok.com
Mako Express Wash,www.makoexpresswash.com
Mako Express Car Wash,www.makoexpresswash.com
Mako Express Wash,https://makoexpresswash.com
Moby's Car Wash,www.mobyscarwash.com
Rock N' Wash Auto Spa,www.rocknwashauto.com
Matick Auto Wash,www.matickautowash.com
Maui Express Car Wash,www.mauioil.com
Mega Shine Car Wash,www.megashinecarwash.com
Metro Express Car Wash,www.metroexpresscarwash.com
Mega Wash,www.megawashexpress.com
Miami Carwash & Detailing Center Inc,www.miamicarwash.ca
Road Runner Express Car Wash,www.rrexpresscarwash.com
Road Runner Express,www.rrexpresscarwash.com
RoadRunner Express Car Wash,www.rrexpresscarwash.com
Mint Express Car Wash,www.mintexpresscarwash.com
Mint Express Car Wash (Coming),www.mintexpresscarwash.com
Mission Express CW,www.missionexpresswash.com
Victor Valley Car Wash,www.victorvalleycarwash.com
Monster Car Wash,www.monstercarwashpvaz.com
Monster Express Car Wash,www.monsterexpresscarwash.com
Jet Express,www.jetexpresscarwash.biz
M Car Wash,www.m-carwash.com
Mach-1 Express Wash,www.mach1expresswash.com
Mr. Clean Car Wash,www.mrcleancarwash.com
Mr D Car Wash,www.mrdcarwash.com
Mr. Splash Car Wash,www.mrsplashcarwash.com
Mr. Suds Car Wash,www.mrsudscarwash.com
Virginia Car Wash,www.virginiacarwashco.com
Brickyard 41 Express Car Wash,www.brickyardcarwash.com
Express Auto Wash King George,www.expressautowash.ca
Express Auto Wash,www.expressautowash.ca
New Day Car Wash,www.newdaycarwash.com
New Day Car Wash,https://newdaycarwash.com
Thomas Car Wash,www.thomascarwash.com
Monty's Express Car Wash,www.montyscarwash.com
OBXpress Car Wash,www.obxpress.com
Ocean Express Car Wash,www.oceanexpresswash.com
Ocean State Car Wash,www.oscw-ri.com
Ollie Wash,www.olliewash.com
Orbit Car Wash,www.orbitcarwash.com
Otto's Express Car Wash,www.ottoscarwash.com
Papa Bear Car Wash,www.papabearcarwash.com
Pappy's Express Car Wash,www.pappysexpresscarwash.com
Paradise Falls Car Wash,www.paradisefallscarwash.com
Parr's Car Wash,https://parrinc.net
Pastime Auto Wash,www.pastimeautowash.com
Pats Nustar Car Wash,https://patsnustarcarwash.com
Mr.Car Wash,www.mrcarwashdenver.com
Peachy Clean Car Wash,www.peachycleancarwash.com
Pearl Car Wash,www.pearlcarwashsc.com
Wash & Shine Car Wash,www.washandshinecarwash.com
Caliber Car Wash (Coming),www.calibercarwash.com
Parrot's Car Wash,www.parrotscarwash.com
Peppy's Car Wash,www.parrotscarwash.com
Pink Bird Car Wash,https://pinkbirdcarwash.com
Triple Crown Auto Spa,www.triplecrowncarwash.net
Grease Monkey Car Wash,www.greasemonkey.com
Precision Express Car Wash,www.com
Prestige Auto Spa,www.prestigeautospa.com
Prestige Express Car Wash,https://prestigecarwashky.com
MyWash Car Wash,www.mywash.club
Primo Car Wash,www.primowash.com
Pristine Car Wash,www.pristinecarwashmelbourne.c
Pure Car Wash,www.pureexpresscarwash.com
Quick Jet Car Wash,www.quickjetcarwash.com
All American Car Wash,www.allamericancarwash.biz
Raceway Car Wash,www.racewaywash.com
Radiant Express Car Wash,www.radiantexpresscarwash.com
Woodie's Wash Shack,www.woodieswash.com
Swift Car Wash,www.swiftcw.com
Rapids Express Car Wash,www.rapidsexpress.com
Rapids Express Carwash,www.rapidsexpress.com
Rapids Express Car Wash (Comin,www.rapidsexpress.com
Rapids Express,www.rapidsexpress.com
AquaShine Express Car Wash,www.aquashineexpress.com
AquaShine Express Car Wash,https://aquashineexpress.com
Casmalia Express Wash,www.circlek.com
Ride Thru Express Car wash,https://ridethruexpresswash.co
Rub a Dub Car Wash,www.rubadubwash.com
Weiss Guys Express Car Wash,www.weissguysaz.com
Rinse My Ride,www.rinsemyrideaz.com
Rinse My Ride Car Wash,https://rinsemyrideaz.com
RipTide Car Wash,www.riptidecw.com
The RipTide Car Wash,www.riptidecw.com
Riptide Car Wash & Detail,www.riptidecw.com
The RipTide Car Wash,https://riptidecw.com
The Riptide Car Wash,www.riptidecw.com
Miles Auto Spa,www.milesautospa.com
The RipTide Car Wash,www.ripdtidecw.com
Riptide Car Wash,www.riptidecw.com
Riptide Car Wash,www.riptidecarwash.com
Waterworks Car Wash  1557 Mari,www.waterworksmarinette.com
Roadrunner Express Car Wash,https://roadrunnercarwash.com
Frankie's Express Car Wash,www.frankiescarwash.com
Roadrunner Express Wash n Lube,www.roadrunnercarwash.com
Roadrunner Express Wash & Lube,www.roadrunnercarwash.com
Rocket Wash,www.rocketwash.mywashaccount.c
Rocket Wash Express,www.rocketcarwashexpress.com
Rocket Wash Express (Coming),www.rocketcarwashexpress.com
Rock 'N CarWash,www.rockncarwash.com
Rolling Thunder Express Car Wa,www.rollingthunderexpresscarwa
Rose Hill Car Wash,www.rosehillcarwashllc.com
Route 66 Car Wash,https://route66washpo.com
Speeders Car Wash,www.speeders.com
Sammy's Express Car Wash,www.sammyscw.com
Big Sammy's Car Wash,www.sammyscw.com
Costa Verde Car Wash/San Diego Car Care,www.sandiegocarcare.com
Scooter's Carwash,www.scooterscarwash.com
Scrub-A-Doo Car Wash,www.scrubadoocarwash.com
Country Club Car Wash,www.cccwstl.com
Soapify Car Wash,www.soapifycarwash.com
Tidal Wave Luxury Car Wash,www.tidalwavestl.com
Scrubbles 3 Minute Express Was,www.scrubblesexpresswash.com
360 CarWash,www.360-carwash.com
Splash Car Wash,https://splashcarwashes.com
Secaucus Super Hand Car Wash,www.secaucuscarwash.com
Shammy's Car Wash,www.shammyscarwash.com
Swifty Car Wash,www.swiftycarwash.com
Shine Time Express Car Wash,www.shinetimeexpresswash.com
Shiney's Car Wash,www.shineyscarwash.com
Smitty's Car Wash,www.smittyscarwash.com
Flagship CarWash,www.flagshipcarwash.com
Swift Car Wash,www.swiftcarwash.ca
Don's Car Wash,www.donsxpresswash.com
Soak City Car Wash,www.soakcitycarwash.com
Soak City Car Wash,www.soakcityatl.com
Sgt. Clean Car Wash,www.sgtclean.com
Wow CarWash,www.wowwash.com
Soapies Car Wash,www.soapiescarwash.com
Soap My Ride,www.soapmyride.com
Soapy Shark Car Wash,https://soapyshark.com
Soapy Shark Car Wash,www.soapyshark.com
Solar City Car Wash,www.solarcitycarwash.com
SoakTown Car Wash,www.soaktown.com
Solar Car Wash,www.solar-car-wash-car-wash.bu
Sonic Suds Express Car Wash,www.sonicsudswash.com
Southern Shine Car Wash,www.southernshineexpresswash.c
Southern Shine Car Wash,southernshineexpresswash.com
Spark Car Wash,www.sparkcarwash.com
Spark Car Wash,https://sparkcarwash.com
Speedy Car Wash,www.speedycarwash.com
Speedy Pete's Car Wash,www.speedypetescarwash.com
Splash Bros Xpress Car Wash,www.splashbroswash.com
Splash Car Wash,https://splashandwash.com
Splash Car Wash,www.mysplashcarwash.com
Splash Express Full Service Ca,www.mysplashcarwash.com
Splash Express Car Wash,www.mysplashcarwash.com
Flagship Carwash Sterling,www.flagshipcarwash.com
Stevens Creek Xpress Car Wash,www.scxcr.com
Suds Deluxe,www.sudsdeluxe.com
Sud Stop Car Wash,https://sudstopcarwash.com
Shine on 9 Express Car Wash,www.shineon9carwash.com
SUDS Car Wash,www.washatsuds.com
SasqWash Carwash,www.thesasqwash.com
Sunshine Express,www.sunshinewashes.com
Sunshine Superwash,www.sunshinesuperwash.ca
Sun Splash Car Wash,www.sunsplashcarwash.com
Super Duck Car Wash,www.superduckcarwash.com
Super Lux Car Wash,www.superluxcarwash.com
Superfine Auto Spa,www.superfineautospa.com
Super Heroes Car Wash,www.superheroescarwash.com
MZX Superior Car Wash,www.mzxcarwash.com
Superior Shine Car Wash,www.superiorshinescs.com
Super Scrub Car Wash,www.superscrubexpress.com
Weiss Guys  Car Wash,www.weissguysaz.com
Diamond Auto Salon,www.diamondautosalon-carwash.b
Super Shine Express Wash and S,www.sscarwash.com
SuperSplash Car Wash & Lube Ce,https://supersplashprosper.com
Auto Splish Splash,www.autosplishsplash.com
Super Suds Car Wash,www.supersudscarwash1.com
The Goodwash Car Wash,www.thegoodwash.com
The Shine Center,www.theshinecenter.net
Thoroughbred Express Autowash,www.thoroughbredexpress.com
Sun Car Wash Services Inc,www.suncarwashservices.com
Seymour Express Car Wash,www.com
Thoroughbred Express Auto Wash,https://thoroughbredexpress.co
Thoroughbred Express Auto Wash,www.thoroughbredexpress.com
5-Star Car Wash,www.5starwashes.com
Thoroughbred Express Car Wash,www.thoroughbredexpress.com
Thoroughbred Express,www.thoroughbredexpress.com
TigerWash - Long Street,www.tigerwash.com
TigerWash,www.tigerwash.com
Clancy's Car Wash,www.clancyscarwash.com
McCord's Auto,www.mccordsauto.com
Tip Top Car Wash,www.tiptopcarwashes.com
Titus Express Car Wash,www.tituswash.com
Top Edge Car Wash (Coming),www.topedgecarwashes.com
TOP Express Car Wash,www.topexpresscarwash.com
Total Package Car Wash,www.totalpackagecarwash.com
Town Center Auto Wash,www.towncenterwashmi.com
GrandRiver Car Wash & Oil Chan,www.grandriverwash.com
TRU CarWash,www.trucarwash.com
TRU Carwash,https://trucarwash.com
Evergreen Car Wash & Detail,www.evergreencarwash.com
TruShine Car Wash,www.trushinecarwash.com
PDQ Car Wash,www.pdqcarwash.com
PDQ Car Wash & Express Lube,www.pdqcarwash.com
West Allis Car Wash,www.westalliscarwash.com
Uncle Charlie's Car Wash,www.unclecharliescarwash.com
Unrivaled Car Wash,https://unrivaledcarwash.com
Rocket CarWash,www.rocketcarwash.com
Jet Splash Car Wash,www.jetsplash.com
Valet Car Wash,www.washmycar.ca
Valley Car Wash,www.valleydairy.com
Varsity Carwash,www.varsitycarwashames.com
Varsity Carwash (coming),www.varsitycarwashames.com
Venice Car Wash,www.venicecarwash.com
Vibe Car Wash,https://www.vibecw.com
Vibe Car Wash,www.vibecw.com
Vibe Car Wash (Temporarily clo,www.vibecarwashes.com
Vic's Express Car Wash,www.vicsexpresscarwash.com
Redline Express Car Wash,www.redlineexpresscarwash.com
Vision Car Wash,www.visioncarwash.com
Vision Car Wash,www.visioncw.com
Green Clean Auto Wash (Coming),www.greencleanexpress.com
Wash 37135,www.wash37135.com
Wash 37055,www.wash37055.com
Fairview Car Wash & Tire,www.fcwandtires.com
Wash 38301,www.wash38301.com
Wash Ashore Car Wash,https://washashorecarwash.com
Wash Ashore Car Wash,www.washashorecarwash.com
Wash Kings Car Wash,https://washkingsnw.com
Wash & Go Car Wash,https://washgowash.com
Wash N Go Car Wash,www.washngoexpresscarwash.com
Wash 'N Go Car Wash,www.washngonv.com
Wash N Go No Touch Car Wash,www.washngocarwash.com
Wash N Go Car Wash,www.washngocarwash.com
Wash-Rite Unlimited Express Wa,www.wash-riteunlimited.com
Wash-Rite Unlimited Car Wash,www.wash-riteunlimited.com
Wash-Rite Car Wash,wash-riteunlimited.com
WashU Car Wash,www.washucarwash.com
Wash U Carwash,www.washucarwash.com
Speedy Shine Car Wash,www.speedyshineillinois.com
WashU Carwash,www.washucarwash.com
Soapy Saddles Car Wash,www.soapysaddles.com
Chino Hills Car Wash,www.chinohills.org
Wash UP,www.uwashup.com
Wash Wizard Car Wash,www.washwizardcarwash.com
Waters CarWash,www.waterscarwash.com
Waters Car Wash,www.waterscarwash.com
Waters Car Wash (Coming),www.waterscarwash.com
Waterworx Car Wash,www.waterworxcarwash.com
Car Wash and Detail Center,www.com
Wet Rabbit Express Car Wash,www.wetrabbitexpress.com
Wet Rabbit Express (Coming),www.wetrabbitexpress.com
Whitecap Car Wash,www.whitecapcarwash.com
Wilson Way Express,www.chevron.com
Woodies Wash Shack,www.woodieswash.com
Prestige Car Wash And Lube,www.prestigecarwashandlube.com
Woodie's Wash Shack (coming),www.woodieswash.com
WOW Express Carwash,www.wowwashandlube.com
Glo Car Wash,www.glocw.com
Finz Car Wash,www.finzcw.com
Zak's Express Car Wash,www.zaksexpresscarwash.com
Modwash,www.modwash.com
Car Wash USA,www.carwashusaexpress.com
Zoom Express Car Wash,www.zoomexpresscarwash
Zoom Express Car Wash,www.zoomexpresscarwash.com
Zoom Wash,www.zoomwashes.com
Zoom Car Wash,www.wezoomit.com
Kennedy's Finest Car Wash,www.kennedysfinestcarwash.com
Scrub Bot Express Car Wash,www.scrubbot.com
University Car Wash,www.washology.com
The Car Wash Company,www.thecwco.com
Wash Factory,www.washfactory.com
Quick Quack Car Wash,www.quickquack.com
Breeze Thru Car Wash,www.breezethrucarwash.com
Wash Depot,www.wash-depot.com
Car Wash USA Express,www.carwashusaexpress.com
Greenwich Ave Solar Car Wash,www.greenwichavenuecarwash.com
Mike's Carwash,www.mikescarwash.com
Big Splash Carwash,www.bigsplashcarwash.com
ScrubaDub Car Wash,www.scrubadub.com
North Fork Car Wash,https://northforkcarwash.com
Moo Moo Express Car Wash,www.moomoocarwash.com
Spritz Car Wash,www.spritzcarwash.com
Spout Car Wash,www.spoutcarwash.com
Zips,www.zipscarwash.com
My Eco Wash,www.myecowash.com
Car Wash On Broadway,www.carwashonbroadway.com
Classic Car Wash,www.classiccarwashandoilchange
Super Suds Car Wash,www.supersudsne.com
Finish Line Car Wash & Auto Detail,www.flcarwash.com
Car Wash King,www.carwashkingbellingham.com
ScrubaDub Auto Wash,www.scrubadub.com
Clean Sweep Car Wash,https://cleansweepcarwash.com
Surf N' Suds Car Wash,www.surfnsudscarwash.com
Super Shine Auto Wash,www.supershineautowash.com
Splash Carwash,www.cleancarfast.com
Genesis Auto Wash,www.genesisautowash.com
Car Wash USA Express,www.take5.com
Speedy Splash Car Wash,www.speedysplash.com
Club Carwash,www.clubcarwash.com
Okie Express Auto Wash,www.okieautowash.com
Rockaway Car Wash,www.find.shell.com
Zax Auto Wash,www.zaxautowash.com
22 Auto Spa,www.22autospa.com
Gas N Wash,www.gasnwash.net
Zoom Carwash,www.zoomcarwashes.com
Aqua Express Car Wash,www.aquaexpresscarwash.net
Drew's Car Wash,www.drewscarwash.com
Murphy's Car Wash,www.murphyscarwash.com
Flying Ace Car Wash,www.flyingacecarwash.com
Swash Car Wash,www.swashok.com
Amerishine Car Wash,www.amerishinecarwash.com
Encore Car Wash,www.encorecarwash.com
Ride & Shine Express Car Wash,www.redcarpetcarwash.com
Cheeky Monkey Car Wash,www.cheekymonkeycarwash.net
Best Express Car Wash,www.best-express-car-wash.busi
Team Express Car Wash,www.theteamcarwash.com
Euclid Car Wash,www.euclidcarwash.com
Five Star Express Car Wash,www.fivestarecw.com
Carvision Car Wash,www.carvisioncarwash.com
WetGo Car Wash,www.getgocafe.com
Diamond Car Wash,www.diamondcw.com
Yucaipa Gateway Car Wash,www.arco.com
American Pride Xpress Carwash,www.americanpridexpress.com
Tidal Wave Auto Spa (Coming),www.tidalwaveautospa.com
Raceway Car Wash,www.racewaycarwash.com
Johnnie’s Car Wash on Oak,www.johnniescarwashonoak.com
Quality Car Wash,www.qualitywash.com
Eco Wash Express Car Wash,www.ecowashexpress.com
Wash Factory Express,www.washfactorycarwash.com
Squeakys Car Wash,www.squeakyswash.com
Grand Slam Car Wash,www.grandslamcarwash.net
Magic Touch,www.magictouchsalem.com
Jiffy Car Wash Inc,www.jiffycarwashinc.com
The Car Wash Center,https://thecarwashcenter.com
LA Car Wash,www.lacarwash.net
Mr. Quick Car Wash,www.quickcarwashniagara.com
Woodstock Car Wash,https://woodstockcarwash.com
Village Car Wash,www.thevillagecarwash.com
Auto Paradise Car Wash,www.autoparadisewash.com
Coastal Express Car Wash,www.coastalexpresscarwash.com
Woodie's Wash Shack (Coming),www.woodieswash.com
Long-Lewis Tunnel Wash,www.longlewisauto.com
Auto Paradise Car Wash & Detai,www.autoparadisewash.com ‎
Radiant Express Car Wash (Comi,www.radiantexpresscarwash.com
Town Pump Express Wash,www.townpumpexpress.com
Presto Car Wash,www.prestocarwash.net
Mako Bay Car Wash,www.makobaycarwash.com ‎
The Wash,www.the3minutewash.com
Lightning Fast Car Wash,www.lightningfastcarwash.com
Favorite Car Wash,www.favoritecarwash.com
Crystal Clear Carwash,www.crystal-clear-carwash-
Grand Slam Car Wash & Lube,www.grandslamcarwash.com
Bubble King Car Wash,www.bubblekingwash.com
Aqua Super Express,www.aquasuperexpress.com
GFY Express Car Wash,www.gfycarwash.com
Cypress Pride Car Wash,www.cypresspride.com
Rolling Creek Carwash And Lube Center,www.rollingcreekcarwashandlube
Cowboy Car Wash,www.cowboycarwash.com
Hugh & Jeff's Car Wash & Grill,www.carwashandgrill.com
Buc-ee’s Car Wash,www.buc-ees.com
WhiteWater Express,www.whitewatercw.com
CARisma Wash,www.carismawash.com
Zip Thru Express Car Wash,www.zipthrucarwashes.com
Downtowner Car Wash,www.downtownercarwash.com
Terrible's Car Wash,www.terribles.com
Club Corners Car Wash,www.clubcornerscarwash.com
Raceway Express Car Wash,www.racewaycarwash.com
$5 Car Wash,www. 5-car-wash.edan.io
Klemm's Express CarWash,www.klemmsexpress.com
Joe’s Express Car Wash,www.joescarwashes.com
Victory Car Wash,www.victorycarwashfl.com
Clean Freak,www.cleanfreakcarwash.com
Paradise Car Wash,www.paradisecarwash.com
Blue Falls Car Wash,www.bluefallscarwash.com
Sierra Car Wash,www.sierrawash.com
Saddlebrook Wash,www.saddlebrookcarwash.com
Whitewater Express Car Wash,www.whitewatercw.com
Classy Chassis Car Wash,www.classychassiscarwash.com
Inverness Full Services Car Wa,www.inverness-wash.edan.io
Ronny's Car Wash,www.ronnyscarwash.net
Wash Barn CarWash,www.mabletoncarwash.com
Magic Suds Car Wash & Detail Center,www.magicsudscarwash.net
Soapy's Car Wash,www.soapyscarwash.com
Bull City Car Wash,www.bullcitycarwash.com
Ocean Spray Car Wash,www.oceanspraycw.com
Wash Me Fast,www.washmefast.com
Swifty Car Wash,https://swiftycarwash.com
Sam's Xpress Car Wash,www.samsxpresscarwash.com
CarWash Quickies,www.carwashquickies.com
Take 5 Car Wash,www.take5carwashes.com
Auto Shine,www.autoshineva.com
Royal Farms Car Wash,https://royalfarms.com
Nemos Express Car Wash,www.nemosexpresscarwash.com
Prestige Car Wash,https://prestigecarwashky.com
Fast Freddy's Car Wash,https://fastfreddyscarwashes.c
Cascade Express Car Wash,www.cascadeexpresswash.com
Pelican Pointe Car Wash,www.pelicanpointecarwash.com
Camel Express Car Wash,www.camelexpress.com
Par Three Car Wash,www.par3carwash.com
RipTide Auto Wash,www.riptideautowashes.com
Fast Trak Car Wash (Coming),www.fasttrakexpresscarwash.com
Mister Car Wash,https://mistercarwash.com/
Monkey Splash,www.greasemonkeyauto.com
Links Car Wash,https://linkscarwash.com
Autopia Car Wash,www.autopiacarwash.com
The Car Wash At Bruner's,www.carwashatbruners.com
Ultra Sonic Hand Car Wash,www.ultrasoniccarwash.com
Seal Beach Car Wash,www.mobil.com
Great White Car Wash,www.greatwhitewash.com
Brightworks Car Wash,www.brightworkscarwash.com
Hello! Deluxe Car Wash,www.hellocarwash.com
River Club Car Wash,www.riverclubcarwash.com
The Wash Shop,https://washshop.com
4-95 Boca Car Wash,www.bocacarwash.net
Xpress Car Wash,www.xpresscarwashsugarland.com
Auto Shine Car Wash,www.autoshinega.com
Charlie's Car Wash,www.charlies.com
Lakewood CarWash & Detail Center,www.lakewoodcarwash.com
Tommy's Express® Car Wash (com,www.tommys-express.com
Gas N Go Car Wash,www.gasngostores.com
TNT Car Wash,www.tntcarwash.biz
Raceway Express Car  Wash,www.racewaycarwash.com
Super Star Car Wash Express,www.superstarcarwashaz.com
WOW Car Wash,www.wowwash.com
WOW Carwash,www.wowwash.com
Fabulous Freddy's,www.fabfred.com
Arco Hand Car Wash,www.arcohandcarwash.com
Sunrise LAX Express Car Wash,https://laxcarwash.com
Joe's Express Carwash,www.joescarwash.net
Beach Buffers Car Wash,www.beachbufferscarwash.com
Parkmoor Car Wash,www.parkmoorcarwash.com ‎
Stroll-N-Shine Car Wash,www.strollnshinecarwash.com
Raindrop Car Wash,www.raindropcarwash.com
AquaSonic Car Wash,www.aquasoniccarwash.com
The Car Wash King,www.carwashkinginc.com
Splash Car Wash Express,www.splashcarwashes.com
Texas Pride Car Wash,www.thetexaspride.com
Big Wave Express Car Wash,www.bigwavecarwash.com
Washtopia,www.washtopia.com
Edge Express Car Wash (Coming),www.edgeexpresscarwash.com
Today's Car Wash,www.todayscarwash.com
Joe's Express Car Wash,www.joescarwashes.com
Classic Car Wash,www.classiccarwashnow.com
Sparkling Image Car Wash,www.sparklingimage.com
Waterways Car Spa,www.waterwayscarspa.com
Grand Express Wash,https://grandwashaz.com
Auto Pride Car Wash,www.autopridecarwash.com
Wild Wild Wash,www.wildwildwash.com
Quick quack Car Wash,www.dontdrivedirty.com
Smudge Car & Dog Wash,www.smudgewash.com
Pacific Hand Car Wash SJ,www.carwashpacific.com
Xpress Car Wash,www.arco.com
Car Spa,www.carspa.net
Car Spa,https://carspa.net
Sparkle Car Spa,www.sparklecarspanrh.com
Baywash Car Wash,www.baywashgrandprairie.com
KJ's Bucks Super Wash,www.kjsuperstores.com
Leprechaun Car Wash,www.leprechauncarwash.c
GooGoo Express Car Wash,wwww.googooexpress.wpengine.co
Prime Car Wash,www.primecarwash.com
Beaches Car Wash,www.beachescarwash.com
Sud Stop Car Wash,www.sudstop.com
Wave Car Care Center,www.thewavecarcarecenter.com
Auto Spa,https://autospawpb.com
Flagstop Car Wash,www.flagstopcarwash.com
Mr. Wizard Car Wash,www.mrwizardcarwash.com
Tunnel Wash,www.valero.com
Flowood 5 Minute Express Car,www.flowood5minuteexpresscarwa
GoShine Car Wash,www.goshineexpress.com
Prestige Car Wash (East Falmou,www.prestigewash.com
Haddies Express Car Wash,www.haddieslv.com
Splash n' Dash Car Wash,www.splashndashlv.com
CincoAuto2 Carwash,www.cinco2auto.com
Prestige Car Wash,www.prestigewash.com
Golden Nozzle Car Wash,www.goldennozzlecarwash.com
Washville (coming),www.washvillecarwash.com
Carcraft Auto Appearance Center,www.carcraftalbany.com
Crater Car Wash,www.cratercarwash.com
New Image Car Wash,www.newimagecarwash.com
El Tunel Car Wash,https://eltunelautoservicepr.c
Charlie Boy Car Wash,www.charlieboypr.com
Big Finish Car Wash,www.bigfinishcarwash.com
Island Xpress Car Wash,www.islandxpresscarwash.com
Vortex Express,www.vortexexpress.com
Sam’s Club Car Wash,www.samsclub.com
Blue Hippo Express Car Wash,www.bluehippotn.com
Balboa Car Wash,www.balboacarswash.com
Ultimate Shine Car Wash,www.ultimateshinecarwash.com
Marathon Car Wash,www.marathonpetroleum.com
Speedy Wash,www.speedystop.com
Unlimited Auto Wash,www.unlimitedautowashclub.com
Fast Splash Car Wash,www.fastsplashcarwash.com
Tidal Wave,www.tidalwaveautospa.com
Crew Carwash - Mike's Express,www.crewcarwash.com
Classic Car Wash,www.classiccarwashverobeach.co
Paradise Car Wash,www.paradisecw.com
Athens Auto Wash & Express Lube,www.athenswash.com
Express Car Wash,www.mycarwash.com
Clean Freak Car Wash,www.cleanfreakcarwash.com
Eager Beaver Car Wash,www.eagerbeavercarwash.com
TUX Car Wash,www.tuxcarwash.com
Bear's Car Wash & Detail Center,www.bearscarwash.com
Jazz Car Wash & Detailing,www.jazzcarwash.com
Waterway Carwash,www.waterway.com
Rain Tunnel Car Wash,www.raintunnelwash.com
Mighty Wash #5,www.mymightywash.com
Racer Classic Car Wash & Detail,www.racerwash.com
BLISS Car Wash,www.blisscarwash.com
Friendly Bear Car Wash,www.friendlybearcarwashlv.com
Oasis Hand Car Wash,www.oasishandcarwash.com
76 Wash & Mart,www.washandmart.com
Sport Car Wash,www.sportcarwash.com
Rosecrans Car Wash,www.rosecranscarwash.com
Super Star Car Wash Express,www.superstarcarwashca.com
Pacific Beach Car Wash,www.pbcarwash.com
iClean Carwash,www.icleanwash.com
Car Wash Express,www.carwashexpressinc.com
Santa Palm Car Wash,www.santapalmcarwash.com
Island Time Car Wash,www.islandtimecw.com
Red Carpet Car Wash,www.redcarpetusa.com
Blue Wash Express Car Wash,www.bluewashexpress.com
Simi Auto Spa & Speed Wash,www.simiautospa.com
Valley Car Wash,www.valley-carwash.com
Santa Rosa ProWash & Detailing,www.prowashdetail.com
Autopride Car Wash,www.autopridecarwash.net
Sudsy Sam's Car Wash,ww.sunoco.com
VIP Flex Car Wash And Detail C,www.vipflexcarwash.com
White Glove Car Wash,www.whiteglovecarwash.com
Normandie Express Car Wash,www.normandieexpresscarwash.co
Star Express Car Wash,www.starexpresscarwash
La Brea Express Car Wash,https://labreaexpresscarwash.c
NCM CAR WASH,www.ncmcarwash1.business.site
Corbin Express Wash,www.shell.com
Super Bright Car Wash,www.76.com
Car Spa,www.carspairvine.org
Truenorth C-Store and Car Wash,www.truenorthstores.com
Wash N' Roll Express,www.mywashnroll.com
Magic Tunnel Car Wash,www.take5carwash.com
Westwood Car Wash,www.westwoodwash.com
Ridis Car wash,www.ridistores.com
University Car Wash,www.universitycarwashwv.com
Back Beach Car Was,www.backbeachcarwash.com
Charles & George's Car Wash,www.charlesandgeorgescarwash.c
Tidal Wave Auto Spa (coming),www.tidalwaveautospa.com
Tidal Wave Auto Spa,ww.tidalwaveautospa.com
Wheely Clean Car Wash II,www.wheelycleanwash.com
GooGoo Car Wash,www.googooexpresswash.com
Flagstop Car Wash,www.carpoolcarwashes.com
Jeffrey Car Wash,www.jeffreyscarwash.com
Park Place Car Wash,www.parkplacecarwash.com
Whistle Express Car Wash,www.whistleexpress.com
Lulu's Express Car Wash,www.luluscarwash.com
Papa's Car Wash,www.papascarwashmaui.com
Rodeo Express Car Wash,www.rodeoexpresscarwash.com
Next Wash Auto Spa,www.nextwashautospa.com
Ocean Blue Car Wash,www.oceanbluecarwash.com
Tommy's Express Wash (Coming),www.tommys-express.com
BP Auto Spa,www.bpautospa.com
Miracle Car Wash,www.miraclecarwashanddetail.co
Rip Tide Car Wash,www.riptide-carwash.com
Wash Factory,www.washfactorycarwash.com
Uncle Larrys Car Wash,www.unclelarryscarwash.com
WhiteWater CarWash at Splashes,www.splashes.ca
Shine Auto Wash,www.shineautowash.ca
Rain Dance Car Wash & Detailing,www.raindancescarwash.com
Cheetah Clean Auto Wash,www.cheetahclean.com
Halo Car Wash,www.halocarwashes.com
Executive Express Car Wash,www.executiveexpresscarwash.co
Freshwater Touchless,www.freshwatertouchless.com
Spiffy's Car Wash & Lube,www.spiffyscarwash.com
Zips Car Wash,https://zipscarwash.com
Tiger Express Wash of Easley L,www.tigerxpresswash.com
Mi-T Fine Car Wash,www.mitfinecarwash.com
Surf Thru Express Car Wash,www.surfthruexpress.com
Blue Wave Car Wash,www.bluewavecarwash.com
Gleam Car Wash,www.gleamcarwash.com
OctoPlus Car Wash & Detail,www.carwashlogin.com
Pelican Express Car Wash,www.pelicanexpresscarwash.com
Mint Eco Car Wash,www.mintecocarwash.com
Cypress Pride,www.cypresspride.com
El Monte Auto Spa & Resort,https://elmonteautospa.com
Suds Express Car Wash,www.sudsexpresscarwash.com
Brittain's Car Wash,www.brittainscarwash.com
Everclean Car Wash,www.evercleancw.com
Fast Eddie's Car Wash,www.fasteddiescarwashes.com
Top Dog Express,www.topdogexpresscarwash.com
Tommy's Express Wash,www.tommys-express.com
EZ Clean Car Wash,www.ezcleanwash.com
University Car Wash,www.carwashfullerton.com
Raceway Car Wash,https://racewaycarwash.com
Sam's Xpress® Car Wash,www.samsxpresscarwash.com
USA Auto Wash Express,www.murphyusa.com
Auto Brite Full Service Car Wash,www.auto-britecarwash.com
Mapco Car Wash,www.mapcorewards.com
Streamline Car Wash,www.streamlinecarwash.com
Jilly's Car Wash,www.jillyscarwash.com
ABC Auto Wash,www.abcautowash.com
Autorific Car Wash,www.autorific.net
Stuart Car Wash,www.stuartcarwash.com
Flamingo Car Wash,www.flamingocarwash.com
Golden Nozzle Car Wash,https://goldennozzlecarwash.co
Esso Car Wash,www.esso.ca
CT Auto Spa,www.ctautospa.com
Elite Auto Spa,www.eliteautospanj.com
Stars & Stripes Car Wash,www.carwashsd.com
Big Wave Car Wash,https://bigwavecarwash.com
The Wash,www.thewashoregon.com
The Bubble Bath Carwash,www.thebubblebathcarwash.com
Tidal Wave Express (Coming),www.tidalwavestl.com
Wantagh Hand Car Wash,www.handsonwash.com
Mill Creek Hand Car Wash,www.millcreekwash.com
Groove Car Wash,www.groovecarwash.com
Kwik Kar Service & Wash,www.kwikkar.com
Fuel City Car Wash,www.fuelcity.com
Living H2O Car Wash,www.livingh2ocarwash.com
All Shined Up Car Wash,www.allshinedup.com
Excel Express Car Wash,www.excelcarwashclub.com
The Local Wash,www.thelocalwash.com
Flagship Carwash,www.flagshipcarwash.com
The Auto Spa,www.kerrvilleautospa.com
Rainstorm Car Wash,www.rainstormcarwash.com
Suds Express & Jiffy Lube,www.sudsjiffy.com
Mint Smartwash,www.mintsmartwash.com
Buddy Bear Car Wash,www.buddybearcarwash.com
Downtowner Car Wash,https://downtownercarwash.com
The Pride of Cicero Car Wash,www.thepridestores.com/cicero/
Rocket Shine Car Wash,www.rocketshinecarwash.com
Dad's Car Care Center,www.dadscarcare.com
Crystal Clean Wash,www.crystalcleanwash1.com
Waves Express Car Wash,www.wavesexpresswash.com
Five Forks Express Wash,www.fiveforksexpress.com
Cobblestone Auto Spa,https://cobblestone.com
Nyack Soft Cloth Car Wash,www.nyackcarwash.com
Carteret Carwash,www.njcarwash.com/carteret-car
Trax Car Wash,www.traxcarwash.com
Waterway Gas & Wash,www.waterway.com
Mighty Wash Auto Clean,www.mymightywash.com
Spark Car Wash,www.washwithspark.com
Westborn Car Wash,www.westborncarwash.com
Xtreme Car Wash,www.xtremecarwash.com
Mr. Ben's Auto Spa,www.misterbensautospaexpress.c
Frank's Car Wash,www.frankscarwash.com
Buc-ee's Car Wash,https://buc-ees.com
Super Shine Car Wash,www.supershinecarwash.net
Hang 10 Car Wash,www.hang10carwash.com
Fast 5 Xpress Car Wash,www.fast5xpress.com
Clean Express Car Wash,https://portal.expresswashconc
Squeeky's Car Wash,www.squeekyscarwash.com
iPark Auto Plaza,www.iparkautoplaza.com
Santa Fe Car Wash,www.santafewash.com
Safari Falls Car Wash,https://safarifalls.ewash.net
AutoSpa,www.autospacw.com
Champion Car Wash,www.championcarwashroseburg.co
Polar Bear Gas & Wash,www.polarbeargas.com
Central Car Wash,www.centralcarwash.ca
Mr. G's Car Wash,www.mistergscarwash.com
USA Car Wash,www.usacarwashfl.com
Portage Car Wash,www.portagecarwashin.com
Melges Car Wash,www.melgescarwash.com
Crew Carwash,www.crewcarwash.com
Perfect 10 Carwash,www.perfect10carwash.com
Jilly's Car Wash,https://jillyscarwash.com
Scrub-A-Dub Car Wash,www.scrubadub.biz
Sudzee Car Wash,www.sudzeewash.com
Fast Eddie's Lube & Wash,www.myfasteddies.com
Sparkle Brite Car Wash,https://sparklebritecarwash.co
Rydell Car Wash & Detail Cente,www.rydellcars.com
Ultimate Express Car Wash,www.ultimateexpress.net
Hang 10,www.hang10carwash.com
White Horse Auto Wash,www.whitehorseautowash.com
Tornado Wash,www.com
Rocket Express Car Wash,www.rocketexpresscarwash.com
Green Clean Auto Wash,www.greencleanexpress.com
Minit Man Auto Wash,www.minitmancarwash.com
Clean Freak Car Wash,https://cleanfreakcarwash.com
The Car Wash,www.thecarwash1.com
Premier Oil Change & Car Wash,www.premieroilchange.com
Bubbles Car Wash & Detail Centre,www.bubbles.ca
WOW Car Wash (coming),www.wowwash.com
Citgo Car Wash,www.citgo.com
The PRIDE Car Wash,www.thepridestores.com
Crystal Car Wash,www.crystalcarwashforestpark.c
Ashdale Plaza Car Wash,www.bp.com
BP Express Car Wash,www.bp.com
ModWash (Coming),www.modwash.com
Car Pro Auto Spa,www.carpropalmcity.com
Ronny’s Car Wash,www.ronnyscarwash.net
Pete's Express Car Wash,www.petesexpresscarwash.com
KC's Car Wash,www.kcscarwashes.com
Bubble Bath Car Wash & Detailing,www.bubblebathcarwash.biz
Brown Bear Car Wash,www.brownbear.com
Glint Car Wash,www.glintcarwash.com
Supershine Xpress Carwash,www.supershinexpress.com
Auto Spa Express,www.autospa-express.com
Top Edge Car Wash,www.topedgecarwashes.com
Charlee's Car Wash,www.charleescarwash.com
Splash Auto Spa,www.splashautospas.com
Greenhill Car Wash,www.greenhillcarwash.com
Clean Express Auto Wash,www.cleanexpresswash.com
Wave Express Wash,www.shell.com
NTB Car Wash,www.ntb.com
Rinse'n'Run Car Wash,www.rnrwash.com
Tagg-N-Go Car Wash,https://taggngo.com
Young Car Wash,www.youngcarwash.com
Splash N' Dash Car Wash,www.splashndashcarwash.com
Casey's Car Wash & Detail Center,www.caseyscarwash.com
Barn Car Wash,www.barncarwash.net
Jacksons Car Wash,www.jacksonswash.com
Soft Cloth Car Wash,www.softclothcarwash.com
Speeders Car Wash (coming),www.speeders.com
Squeaky's Car Wash,www.squeakyscda.com
Jet Brite Car Wash,www.jetbritecarwash.com
Pembroke Pines Car Wash,www.chevronwithtechron.com
H2o Car wash and Detail Center,www.h20autospa.com
Scrub-A-Dub Car Wash,https://scrubadub.biz
Soft Touch Car Wash Systems,www.softtouchcarwashdayton.com
Sehome Classic Car Wash,www.sehomecarwash.com
Clean Freak,https://cleanfreakcarwash.com
Alan's Express Car Wash,www.publicreputation.com
Glide Express Car Wash,www.glidexwash.com
Glide Xpress Car Wash,www.glidexwash.com
Soft Cloth Car Wash Tenafly,www.softclothusa.com
Car Wash 103,www.carwash103.com
OKIE Express Auto Wash,www.okieautowash.com
Speedy Shine Car Wash,www.speedyshinecarwash.com
Wolf Creek Car Care Center,www.wolfcreekcars.com
Wolf Creek Car Wash,www.wolfcreekcars.com
Pirates Cove Car Wash,www.piratescovecarwash.com
Clean Getaway Car Wash,www.cleangetawayfrisco.com
Hacienda Car Wash,www.haciendacarwash.com
Mike's Express CarWash,www.mikescarwash.com
Masters Car Wash,www.masterscarwash-ok.com
Jack's Car Wash & Lube Center,www.jackswashandlube.com
Advanced Auto Spa,www.advancedautospa.com
Gorilla Lube and Car Wash,www.gorillalubewash.com
Speedway Express Car Wash,www.kwikkarautoservices.com
Sud Stop Car Wash (Coming),www.sudstopcarwash.com
Mr. Suds Flex Car Wash,www.mrsudscarwash.com
Tommy's Car Wash,www.tommys-express.com
Washman Car Wash,www.washmanusa.com
Auto Craze Car and Pet Wash,www.autocrazecarwash.com
Shine-N-Go Car Wash,www.shinengocarwash.com
Top Shelf Express Carwash,www.invernesscarwashcorp.com
Anthony's Full Service & Express Car Wash,www.anthonyscarwash.com
Pride Car Wash,www.pridecarwash.com
Mako Bay Car Wash,www.makobaycarwash.com
Car Spa Riverdale,www.carspa.net
Costco Car Wash,www.costco.com/car-wash
Magic Express Wash and Lube,www.magicwashexpress.com
Monster Car Wash (Closed),www.monstercarwash.com
Quick Quack car Wash,www.dontdrivedirty.com
Cypress Station Carwash & Lube,www.cypressstationcarwash.net
Clean Ride Car Wash,www.cleanridecarwash.com
Jet Stream Express Car Wash,www.jetstreamexpresswash.com
Burleson Express Car Wash,www.expresscarwashburleson.com
Sparkling Image Car Wash,www.cleancarfeeling.com
Carwash Carwash,www.carwashcarwash.com
Big League Car Wash #4,www.bigleaguecarwash.com
Mr. Express Car Wash,www.mrexpresscarwash.com
Main Street Car Wash,www.mainstreetcarwash.com
Bamboo Express Wash,www.bamboo-wash.edan.io
Shine N' Grind Express Car Was,www.shinengrind.com
Oasis Car Wash Club,www.oasiscarwashclub.com
Two Thumbs Up Express CW,www.twothumbsupcarwash.com
Chevron Express Wash,www.chevron.com
Ogontz CarWash & Philly Lube,www.sunoco.com
Holiday Car Wash,www.holidaystationstores.com
Friendship Car Wash,www.friendshipcarwash.com
Hutch's Car Wash,www.hutchscarwashes.com
Scrubby's Carwash,www.scrubbyscarwashes.com
Green Clean Car Wash,www.greencleanexpress.com
Sam's Car Wash,www.samscarwashkl.com
Clean View Auto Wash,www.cleanviewautowash.com
Todds Place Express Car Wash,www.toddsplaceexpresscarwash.c
Todd's Place Express Car Wash,www.toddsplaceexpresscarwash.c
Rising Tide Car Wash,www.risingtidecarwash.com
Splash Express Car Wash,www.splashcarwashnola.com
Tidal Wavel Auto Spa,www.tidalwaveautospa.com
Quick Quack Car Wash (Coming),www.dontdrivedirty.com
Silverstar Car Wash,www.silverstarcarwashes.com
Canyon View Car Wash,www.canyonviewcarwash.com
Racer Car Wash,www.racerwash.com
Flash Carwash,www.flashcarwashes.com
Ducky's Express Car Wash,www.duckysexpress.com
Cowboy Express Car Wash,www.cowboycw.com
Boca Mart,www.exxon.com
TLC Express Auto Wash,www.tlcexpresswash.com
Quickly Clean Express Car Wash,www.quicklycleanexpresscarwash
Upper Darby Wash & Lube Inc,www.upperdarby.weebly.com
Cobblestone Auto Sap,www.cobblestone.com
Five Star Car Wash,www.mesafivestarcarwash.com
Craig Road Car Wash,www.craigroadcarwash.com
Freaky Fast Car Wash,www.freakyfastcarwash.com
Fast Eddie's Car Wash (coming),www.fasteddiescarcare.com
Zips Car Wash,www.zipcarwash.com
Kelly's Express Car Wash,www.kellyscarwash.com
Francis & Sons Car Wash,www.francisandsons.com
Mister CarWash,www.mistercarwash.com
Classic Car Wash,www.classiccarwash.com
SuperShine Car Wash,www.supershine-car-wash.busine
Bubbles Car Wash,www.washatbubbles.com
Landshark Express Wash (Coming,www.landsharkwash.com
Sunny Hills Carwash,www.sunnyhillscarwash.com
Tahoma Car Wash,www.tahomamarket.com
EL Car Wash,https://elcarwash.com
Fernando's EZ Wash,www.exxon.com
Red Rapid Car Wash,www.redrapidcarwash.com
White Horse Car Wash,www.whitehorsecarwash.com
Fabulous Freddy's Car Wash,www.fabfred.com
Gateway Car Wash,www.gatewaycarwash.com
Lowell Auto Spa,www.lowellautospa.com
Soapy Joe's Car Wash,www.soapyjoescarwash.com
Four Seasons Car Wash,www.fourseasonsalbany.com
GO Car Wash (coming),www.gocarwash.com
Flying Flamingo CW & Oil Chang,www.flyingflamingocarwash.com
Kiwi Car Wash (coming),www.kiwicarwash.com
Evie's Car Wash,www.eviescarwash.com
Clean Sweep Car Wash,www.cleansweepcarwash.com
Park Wood Auto Spa,www.parkwoodautospa.com
AutoSpa Car Wash,www.autospa-carwash.com
Pink Bird Car Wash,www.pinkbirdcarwash.com
Rich's Car Wash (Coming Soon),www.richscarwash.com
Wash-N-Go Express Car Wash,www.washngopsl.com
Koala Car Wash,www.koalaexpresscarwash.com
Imperial Carwash,www.imperialcarwashlahabra.co
Global Truck Wash,www.globaltruckwash.com
Midway Express Car Wash,www.midwayexpresscw.com
Washman Car Wash,www.washmansd.com
Car Spa Car Wash,www.carspa.net
Kwik'N'Ezy Car Wash,www.kwiknezycarwash.com
Deep Clean Car Wash,www.deepcleanpooler.com
Wizard Car Wash,www.wizardcarwash.com
Blue Tide Express Car Wash,www.bluetide-express.com
Elite Street Shine Car Wash,www.elitestreetshine.com
Sinclair Car Wash,www.stations.sinclairoil.com
Captain Car Wash,www.captaincarwashpa.com
Van Nuys Express Wash,www.sudsupexpresscarwash.com
Easy Breezy Car Wash,www.easybreezycarwash.com
Franklin Auto Spa,www.franklincarwashes.com
Splash Car Wash,www.splashcarwashpa.com
Pit Stop Car Wash,www.pitstopcarwash.net
Oilstop Car Wash,www.oilstopcarwash.com
The Wash,www.thewashpico.com
Northridge SpeedWash,www.speedwashes.com
Menifee Car Wash,www.menifeecarwash.com
Checkered Flag Hand Car Wash,www.checkeredflagirvine.com
Splish Splash Auto Bath,www.splishsplashautobath.com
Ridis Car Wash,www.ridistores.com
Super Suds Car Wash,www.goodwillcarwash.com
Cumberland Farms,www.cumberlandfarms.com
Tidal Wave Auto Spa,tidalwaveautospa.com
Mega Auto Spa,www.megaautospa.com
Screaming Eagle Express Car Wash,www.screamingeagleexpress.com
Kendall Express Car Wash,www.76.com
Coastal Car Wash,www.coastalcarwashofmonkeyjunc
Marco's Car Wash,www.marcocarwash.com
Rainforest Car Wash,www.rainforestwashandlube.com
Ishine Express Car Wash & Detail,www.ishinecarwash.com
Costco Car Wash,www.costco.com
All Seasons Car Wash,www.allseasonswash.com
Ultra Car Wash,https://ultracarwash.com
Raindrop Car Wash,https://raindropcarwash.com
River Road X-Press Car Wash,www.riverroadxpresscarwash.com
Sparkle Brite Car Wash,www.sparklebritecarwash.com
Red's Car Wash,www.redswash.com
Oroville Car Wash,www.orovillewash.com
GW's Quick Wash,www.gwsquickwash.com
Watershed CarWash,www.watershedcarwash.com
Wicked Quick Car Wash,www.wickedquickcarwash.com
Blu Express CW,www.bluexpresscarwash.com
Petro Car Wash,www.capewash.com
Pico Rivera Gasoline & Car Wash,www.sandiegogasandcarwash.com
Bell Auto Spa,https://bellautospa.com
White Bridge Auto Wash,www.whitebridgeautowash.com
Clean Way Hand Wash,www.cleanwayexpress.com
AJ's Car Wash,www.ajscarwashes.com
Mod Wash,www.modwash.com
Denny's Touchfree Car Wash,www.dennyscarwash.com
Auto Shine Car Wash,www.autoshine.com
Valet Auto Wash,www.valetwash.com
Wash Me Car Salon,www.washmecarsalon.com
Tidal Wave Express Car Wash,www.tidalwavestl.com
Waterway Car Wash,www.waterway.com
Zap Car Wash & Lube,www.zapcarwash.com
Jack Splash Car Wash,www.jackflashstores.com
Midlothian Car Wash,www.midlothiancarwash.com
First Class Car Wash,www.firstclasscarwash.com
Fuller's Car Wash,www.fullerscarwash.com
RocketFast! Car Wash,www.rocketfastcarwash.com
Waterworks Auto Wash,www.waterworksbg.com
Medford Brushless Car Wash,www.medford-carwash.com
Hwy 29 Car Wash & Lube,www.hwy29carwash.com
Our Town Car Wash & Quick Lube,www.ourtowncarwashandquicklube
Team Car Wash,www.theteamcarwash.com
Pristine Auto Spa & Service Center,www.pristineautospanj.com
Belleair Road Car Wash,www.belleairroadcarwash.com
Shiner's Express Car Wash,www.shinerscarwash.com
Quick N Clean (coming),www.quicknclean.net
Zax's Auto Wash,www.zaxautowash.com
Parr's Quality Car Wash,www.parr3automotive.com
Freeport Car Wash,www.freeportcarwash.com
Surf N' Shine Express Car Wash,www.surfnshine.com
The Car Spa,www.carwashnewportbeach.com
Wash Masters Car Wash,www.washmasters.com
Oceanside Automobile Wash,www.oceansideautowash.com
Forster & Son's Autowash,www.forstersfastpass.com
Ultimate Shine Car Wash,https://ultimateshinecarwash.c
Top Wash,www.topwash.com
Scrub A Dub Car Wash,https://scrubadub.biz
Wash N Roll Car Wash,www.mywashnroll.com
Mike's Car Wash,www.mikescarwash.com
Soapatopia Car Wash,www.soapatopiacarwash.com
Rainbow Car Wash & Lube,www.rainbowcarwashvs.com
Soapy Jeff's Car Wash,https://soapyjeffs.com
Kaady Car Wash,https://kaady.com
Quench & Drench,www.quenchanddrench.com
Splash n Dash Car Wash,www.splashndashlv.com
Zippy's Car Wash,www.zippyscarwash.net
Finish Line Car Wash,www.villaparkfinishline.com
Mobil Express,www.exxon.com
Silver Car Wash & Detail Cente,www.silvercarwashlisle.com
Sudz Car Wash and Detail,www.sudzcarwashanddetail.com
Wheaton Car wash,www.wheatoncarwash.com
Fuller's CarWash,www.fullerscarwash.com
Norco Hills Car Wash,www.norcohillscarwash.com
Andy's Xpress Wash,www.andysxpresswash.com
Spring Garden Wash & Lube Inc,www.springgardenwashnlube.com
Blvd Auto Center,www.blvdautocenter.com
Classy Chassis,www.classychassis.com
The Palms Car Wash,www.thepalmscarwash.com
Drip Drop Car Wash,www.dripdropcarwash.com
Washlab Auto Spa,www.washlab.io
Shine Time Super Wash,www.shinetimesuperwash.com
Frontline Auto Spa,www.frontlineautospas.com
