site_client_id,client_id,street,city,zip,new_operational_start_date,quarter,current_count,previous_count,yoy_percent_change
3,AQUA SPRINGS,8505 ROSWELL RD,ATLANTA,30350-2840,,2025,54385.00,58397.00,-6.87
5,ZIPS,1776 SHARKEY WAY,LEXINGTON,40511-2028,,2025,104718.00,92112.00,13.69
7,TIDAL WAVE,2209 SUN VIS DR,LUTZ,33559-6861,,2025,166871.00,169335.00,-1.46
8,ZIPS,9200 BRIER CRK PKWY,RALEIGH,27617-7825,,2025,117883.00,95956.00,22.85
9,Aloha Car Wash,5360 Laurel Springs Pkwy,Suwanee,30024,,2025,180710.00,196996.00,-8.27
10,Aloha Car Wash 2,13001 NE 177th Pl,Woodinville,98072,,2025,74197.00,76122.00,-2.53
11,Aloha Car Wash 2,17818 Bothell Everett Hwy,Bothell,98012,,2025,79425.00,79176.00,0.31
12,BLUE WAVE EXPRESS,111 N HOLLAND ST,WILLIS,77378-9104,,2025,211913.00,210501.00,0.67
13,TIDAL WAVE,8710 NIEMAN RD,OVERLAND PARK,66214-1741,,2025,244163.00,232949.00,4.81
14,Alpine Wash,250 S Denton Tap Rd,Coppell,75019,,2025,151764.00,152968.00,-0.79
15,Alton Town Center,5200 Donald Ross Rd,Palm Beach Gardens,33418,,2025,93545.00,65277.00,43.30
16,JACK ANTHONY INDUSTRIES,135 VALLE VIS AVE,VALLEJO,94590-2951,,2025,169681.00,171514.00,-1.07
18,American Pride,8909 Six Forks Rd,Raleigh,27615,,2025,288022.00,274462.00,4.94
19,American Pride,1421 US-70,Garner,27529,,2025,218702.00,225930.00,-3.20
20,American Pride,3810 New Bern Ave,Raleigh,27610,,2025,162039.00,133050.00,21.79
21,American Pride,1203 N Brightleaf Blvd,Smithfield,27577,,2025,388140.00,361289.00,7.43
22,ZIPS,475 E GRN BAY AVE,SAUKVILLE,53080-2009,,2025,30488.00,39841.00,-23.48
23,DRIVEN BRANDS,4717 VETERANS PKWY,GARNER,27529-8430,,2025,169188.00,171812.00,-1.53
24,Aqua Blue Car Wash,1097 Duluth Hwy,Lawrenceville,30043,,2025,217097.00,176096.00,23.28
26,Aqua Blue Car Wash,85 Peachtree Industrial Blvd,Sugar Hill,30518,,2025,191093.00,169694.00,12.61
27,Aqua Breeze Car Wash,150 E Felton Rd,Cartersville,30120,,2025,226144.00,185018.00,22.23
28,TIDAL WAVE,3039 W US HWY 90,LAKE CITY,32055-4731,,2025,189515.00,157514.00,20.32
29,Aqua Bubble Car Wash,5860 Bethelview Rd,Cumming,30040,,2025,92972.00,105324.00,-11.73
30,JACK ANTHONY INDUSTRIES,1337 E MONTE VIS AVE,VACAVILLE,95688-3082,,2025,242090.00,243429.00,-0.55
34,Aqua Shine Express,509 S Pleasantburg Dr,Greenville,29607,,2025,67067.00,67557.00,-0.73
35,Arco Wash,4433 Lancaster Dr NE,Salem,97305,,2025,24579.00,25633.00,-4.11
36,Atlantic City Car Wash,44 N Albany Ave,Atlantic City,08401,,2025,174377.00,189175.00,-7.82
37,Atlantic Express,7700 Atlantic Ave,Cudahy,90201,,2025,128245.00,143124.00,-10.40
38,Auto Brite Express,211 N Cooper Dr,Henderson,27536,,2025,109029.00,82986.00,31.38
39,RACEWAY CARWASH,2602 E BELL RD,PHOENIX,85032-2416,,2025,60802.00,56781.00,7.08
40,Auto Soak,18711 S Gardner Rd,Gardner,66030,,2025,97256.00,78600.00,23.74
41,RACEWAY CARWASH,301 N SCOTTSDALE RD,SCOTTSDALE,85257-4215,,2025,257943.00,232801.00,10.80
42,RACEWAY CARWASH,1845 E UNIVERSITY DR,TEMPE,85281-4211,,2025,111737.00,91320.00,22.36
43,Autobahn Auto Care Center,1225 Guyer Ave,Richland,99352,,2025,39525.00,16196.00,144.04
44,Autobahn Auto Care Center,3928 W Clearwater Ave,Kennewick,99336,,2025,178428.00,179010.00,-0.33
46,Autosport Car Wash,6628 Whittlesey Blvd,Columbus,31909,,2025,105009.00,99899.00,5.12
47,Autowash Express,1398 S Wadsworth Blvd,Lakewood,80232,,2025,40475.00,42404.00,-4.55
48,TIDAL WAVE,142 WILKESBORO BLVD NE,LENOIR,28645-4438,,2025,183001.00,170124.00,7.57
50,BIG DANS,39522 US HWY 19 N,TARPON SPRINGS,34689-3988,,2025,169069.00,159668.00,5.89
51,Bamboo Carwash,240 Marketplace Blvd,Dawsonville,30534,,2025,341132.00,321851.00,5.99
53,SHINE TIME EXPRESS,4350 AUSTELL RD,AUSTELL,30106-1843,,2025,19450.00,25442.00,-23.55
54,Beach Bum Express,7602 El Camino Real,Carlsbad,92009,,2025,79196.00,77206.00,2.58
55,Bella Stone Car Wash,2413 Palermo Parkway,Temple,76502,,2025,39624.00,39527.00,0.25
56,TIDAL WAVE,8081 RIVERS AVE,CHARLESTON,29406,,2025,127738.00,122393.00,4.37
57,TIDAL WAVE,610 E END BLVD N,MARSHALL,75670-2104,,2025,75866.00,61307.00,23.75
60,Big Kahuna Car Wash,61 Commodore St,Hazard,41701,,2025,51791.00,53101.00,-2.47
61,Big Peach Car Wash,126 N Lee St,Forsyth,31029,,2025,196826.00,211999.00,-7.16
64,Big Peach Car Wash,583 E 3rd St,Jackson,30233,,2025,149924.00,153084.00,-2.06
67,SHINY SHELL,2410 S US HWY 1,FORT PIERCE,34982-5916,,2025,46155.00,56515.00,-18.33
68,Big Peach Car Wash,1935 Hwy 138 SE,Conyers,30013,,2025,91225.00,97991.00,-6.90
69,Big Peach Car Wash,3479 Hwy 81,McDonough,30252,,2025,227759.00,218120.00,4.42
70,TIDAL WAVE,1440 MCEVER RD,GAINESVILLE,30504-3921,,2025,144078.00,138020.00,4.39
73,RISING TIDE CAR WASH,2970 N STATE RD 7,POMPANO BEACH,33063-5730,,2025,209391.00,163297.00,28.23
74,BLUE WAVE EXPRESS,250 XRDS PKWY,TERRELL,75160-9111,,2025,243725.00,241115.00,1.08
75,BIG DANS,6310 14TH ST W,BRADENTON,34207-4807,,2025,326579.00,301271.00,8.40
76,TIDAL WAVE,3500 TAMPA RD,OLDSMAR,34677-6314,,2025,359477.00,387840.00,-7.31
80,CALIBER CAPITAL,794 BEAL PKWY NW,FORT WALTON BEACH,32547-3042,,2025,48522.00,53420.00,-9.17
81,CALIBER CAPITAL,3445 CENTERVILLE HWY,SNELLVILLE,30039-6117,,2025,76239.00,75457.00,1.04
82,Blu Palm Express,8403 S Tamiami Trail,Sarasota,34238,,2025,55809.00,68693.00,-18.76
83,BIG DANS,7510 N DL MABRY HWY,TAMPA,33614-3226,,2025,223983.00,210748.00,6.28
85,TIDAL WAVE,41191 US HWY 280,SYLACAUGA,35150-8028,,2025,168405.00,161863.00,4.04
86,HURRICANE EXPRESS WASH,2174 WINCHESTER RD NE,HUNTSVILLE,35811-9199,,2025,73502.00,83164.00,-11.62
87,Blue Cow Car Wash,10 Commons Way,Kalispell,59901,,2025,282435.00,282885.00,-0.16
88,Blue Iguana,1137 W Kearney St,Springfield,65803,,2025,72067.00,63343.00,13.77
89,Blue Iguana,3155 S Campbell Ave,Springfield,65807,,2025,176080.00,162084.00,8.64
90,Blue Iguana,3316 W Chestnut Expy,Springfield,65802,,2025,211103.00,199285.00,5.93
91,Blue Iguana,4304 S Fremont Ave,Springfield,65804,,2025,184588.00,158137.00,16.73
92,Blue Iguana,1640 E Sunshine St,Springfield,65804,,2025,167282.00,168225.00,-0.56
93,Blue Iguana,2118 E Kearney St,Springfield,65803,,2025,148750.00,138136.00,7.68
95,Blue Penguin Car Wash,1475 N Expy,Griffin,30223,,2025,123337.00,121042.00,1.90
96,Blue Penguin Car Wash,2204 Roswell Rd,Marietta,30062,,2025,58595.00,56160.00,4.34
97,Blue Penguin Car Wash,5897 Fairburn Rd,Douglasville,30134,,2025,119022.00,127677.00,-6.78
101,Blue Sky Englewood,3718 S Broadway,Englewood,80113,,2025,50779.00,41090.00,23.58
104,ZIPS,104 OSBOURNE WAY,GEORGETOWN,40324-9636,,2025,94180.00,86538.00,8.83
113,ZIPS,300 GRAND HL PL,HOLLY SPRINGS,27540-4490,,2025,76882.00,77880.00,-1.28
114,TIDAL WAVE,727 SW WESTBOUND US 40 HWY,BLUE SPRINGS,64015,,2025,87483.00,87081.00,0.46
116,ZIPS,4221 IL 162,GRANITE CITY,62040,,2025,6725.00,14029.00,-52.06
117,ZIPS,9025 JAC CATE RD,OOLTEWAH,37363-9463,,2025,17208.00,26963.00,-36.18
118,ISHINE CAR WASH,8331 COPPER CRK LN,MISSOURI CITY,77459-4767,,2025,146714.00,201435.00,-27.17
120,SPEEDWAY,1708 E 116TH ST,CARMEL,46032-3506,,2025,4743.00,3306.00,43.47
122,CALIBER CAPITAL,1800 EASTCHASE PKWY,FORT WORTH,76120,,2025,187519.00,208916.00,-10.24
125,RUTTERS FARM STORES,509 GREENBRIAR RD,YORK,17404-1489,,2025,173.00,644.00,-73.14
126,SOAPY JOES,3803 CONVOY ST,SAN DIEGO,92111-3721,,2025,373613.00,321982.00,16.04
127,GATE EXPRESS,463779 SR 200,YULEE,32097,,2025,11268.00,9896.00,13.86
129,TIDAL WAVE,168 SARATOGA AVE,SOUTH GLENS FALLS,12803-5263,,2025,34488.00,45614.00,-24.39
130,ZIPS,3825 W MAPLE ST,WICHITA,67213-2456,,2025,29705.00,42530.00,-30.16
131,RACEWAY CARWASH,3301 N HAYDEN RD,SCOTTSDALE,85251-6626,,2025,171762.00,166314.00,3.28
134,ZIPS,2360 S GOLIAD ST,ROCKWALL,75032-4800,,2025,89452.00,122860.00,-27.19
135,ZIPS,201 TOWNE CTR BLVD,PINEVILLE,28134-8576,,2025,28883.00,39434.00,-26.76
137,SUMMIT WASH HOLDINGS,2273 S TAMIAMI TRL,VENICE,34293-5019,,2025,17783.00,38010.00,-53.21
140,ZIPS,1530 S RANGE LINE RD,JOPLIN,64804-3229,,2025,92928.00,122710.00,-24.27
144,TIDAL WAVE,12500 SHAWNEE MISSION PKWY,SHAWNEE,66216,,2025,120236.00,94493.00,27.24
156,TIDAL WAVE,2790 N RD,ORANGEBURG,29118-2801,,2025,137116.00,139307.00,-1.57
158,ZIPS,4234 HACKS CROSS RD,MEMPHIS,38125-3101,,2025,32876.00,47704.00,-31.08
162,CALIBER CAPITAL,2764 CHAMBLEE TUCKER RD,ATLANTA,30341-3924,,2025,124702.00,112306.00,11.04
163,SOAPY JOES,1999 SWEETWATER RD,NATIONAL CITY,91950-7694,,2025,303124.00,374218.00,-19.00
166,TIDAL WAVE,8616 DAVIS BLVD,NORTH RICHLAND HILLS,76182-8301,,2025,199282.00,194113.00,2.66
167,RACEWAY CARWASH,369 N MTN AVE,UPLAND,91786-5116,,2025,16605.00,11127.00,49.23
168,SPEEDWAY,17645 LITTLE CHICAGO RD,NOBLESVILLE,46062-8906,,2025,8769.00,8762.00,0.08
169,TIDAL WAVE,2020 S TELEPHONE RD,OKLAHOMA CITY,73160-2919,,2025,68614.00,83519.00,-17.85
171,CALIBER CAPITAL,1047 WINDY HL RD SE,SMYRNA,30080-2005,,2025,68410.00,66165.00,3.39
173,CALIBER CAPITAL,516 N NAVY BLVD,PENSACOLA,32507-2012,,2025,89475.00,85321.00,4.87
176,TIDAL WAVE,3388 MADISON PIKE,FT MITCHELL,41017,,2025,130425.00,108339.00,20.39
178,TIDAL WAVE,1750 S COLUMBIA RD,GRAND FORKS,58201-5818,,2025,118166.00,125146.00,-5.58
182,ZIPS,1211 HWY 17 N,NORTH MYRTLE BEACH,29582-2503,,2025,42286.00,49436.00,-14.46
187,WASH FACTORY,3721 ROSWELL RD NE,ATLANTA,30342-4414,,2025,118028.00,123456.00,-4.40
192,ZIPS,4254 WOODBINE RD,MILTON,32571-8703,,2025,1378.00,12113.00,-88.62
193,TIDAL WAVE,1105 E N ST,RAPID CITY,57701-1747,,2025,115456.00,114038.00,1.24
197,TIDAL WAVE,4283 SALEM RD,COVINGTON,30016-7901,,2025,153162.00,159695.00,-4.09
201,CALIBER CAPITAL,4106 S GREAT SW PKWY,GRAND PRAIRIE,75052-3835,,2025,212770.00,251677.00,-15.46
202,TIDAL WAVE,101 S MARIETTA PKWY SW,MARIETTA,30064-3291,,2025,102017.00,101030.00,0.98
203,SPEEDWAY,7405 CALUMET AVE,HAMMOND,46324-2621,,2025,16327.00,13046.00,25.15
204,ZIPS,13519 W HWY 290,AUSTIN,78737-9361,,2025,64362.00,175644.00,-63.36
205,TIDAL WAVE,2601 AVALON AVE,MUSCLE SHOALS,35661-2703,,2025,81872.00,82716.00,-1.02
206,RACEWAY CARWASH,12616 IMPERIAL HWY,NORWALK,90650-3137,,2025,122669.00,101197.00,21.22
207,TIDAL WAVE,4520 MILLER RD,COLUMBUS,31909,,2025,101979.00,82080.00,24.24
208,ZIPS,103 LOG CABIN RD NE,MILLEDGEVILLE,31061-7807,,2025,56526.00,64638.00,-12.55
211,ANTHONYS CAR CARE CENTERS,2420 HWY 150,BIRMINGHAM,35244,,2025,85481.00,76465.00,11.79
212,TIDAL WAVE,3 GRADY JOHNSON RD,STATESBORO,30458,,2025,146435.00,179015.00,-18.20
214,RACEWAY CARWASH,750 W WARNER RD,CHANDLER,85225-2928,,2025,72274.00,62395.00,15.83
215,TIDAL WAVE,6122 GARTH RD,BAYTOWN,77521-9645,,2025,129104.00,169899.00,-24.01
218,TIDAL WAVE,531 THEYDON BND,FORT MILL,29715,,2025,94347.00,65879.00,43.21
220,CALIBER CAPITAL,1880 NE GRN OAKS BLVD,ARLINGTON,76006-2632,,2025,60542.00,68689.00,-11.86
221,ZIPS,1 GILL RD,WEAVERVILLE,28787-9457,,2025,161509.00,136443.00,18.37
223,ZIPS,3912 S SHERIDAN RD,TULSA,74145,,2025,33973.00,44937.00,-24.40
225,CAR WASH OPERATIONS,2940 S 25TH E,IDAHO FALLS,83404-6515,,2025,20878.00,33311.00,-37.32
226,Boca Best Car Wash,6603 Jog Rd,Boca Raton,33496,,2025,36837.00,38469.00,-4.24
227,Brickyard Car Wash,9020 Sage Ave,Naples,34120,,2025,150499.00,149538.00,0.64
228,TIDAL WAVE,750 N GLYNN ST,FAYETTEVILLE,30214-1144,,2025,235348.00,235326.00,0.01
229,W4 EXPRESS,102 COMMUNITY WAY,STAUNTON,24401,,2025,60478.00,71431.00,-15.33
230,ZIPS,1604 HWY 17 N,NORTH MYRTLE BEACH,29582-2204,,2025,119458.00,149393.00,-20.04
233,Brookhurst Express Car Wash,14571 Brookhurst St,Westminster,92683,,2025,105281.00,115757.00,-9.05
234,ZIPS,850 E OGDEN AVE,NAPERVILLE,60563-2835,,2025,343433.00,311213.00,10.35
235,Bubbas Express Car Wash,1505 E Hammer Ln,Stockton,95210,,2025,194692.00,198190.00,-1.76
240,Bubble Down,10737 Big Bend Rd,Riverview,33579,,2025,271570.00,228523.00,18.84
241,WASH FACTORY,8010 HWY 92,WOODSTOCK,30189,,2025,483876.00,390737.00,23.84
244,Bubble Down,15305 N Nebraska Ave,Tampa,33613,,2025,312832.00,300016.00,4.27
245,BIG DANS,1027 ELMWOOD AVE,COLUMBIA,29201-2030,,2025,84665.00,81021.00,4.50
246,Buckeye Car Wash,4521 KENNY RD,COLUMBUS,43220,,2025,152399.00,153666.00,-0.82
247,Buff it Auto Wash,1408 E Wade Watts Ave,McAlester,74501,,2025,79171.00,87240.00,-9.25
248,Buff it Auto Wash,1699 Stick Ross Mountain Rd,Tahlequah,74464,,2025,63647.00,57656.00,10.39
249,TIDAL WAVE,11813 S MEMORIAL PKWY,HUNTSVILLE,35803-3331,,2025,76734.00,79935.00,-4.00
250,BUBBLE EXPRESS CARWASH,2711 DEL AMO BLVD,LAKEWOOD,90712-2901,,2025,127579.00,121376.00,5.11
251,BuggyBath,2525 S Virginia St,Reno,89502,,2025,58482.00,69358.00,-15.68
252,Bulldog Car Wash,2920 Atlanta Hwy,Athens,30606,,2025,24223.00,26662.00,-9.15
255,Cadillac Express Carwash,2005 Bingle Rd,Houston,77055,,2025,64463.00,70983.00,-9.19
257,Cadillac Express Carwash,9520 Cullen Blvd,Houston,77051,,2025,113649.00,99940.00,13.72
258,Cadillac Express Carwash,235 E Little York Rd,Houston,77076,,2025,171924.00,183918.00,-6.52
259,Cadillac Express Carwash,13450 Tomball Pkwy,Houston,77086,,2025,116061.00,142170.00,-18.36
260,SOAPY JOES,225 W SAN YSIDRO BLVD,SAN YSIDRO,92173-2405,,2025,408353.00,427872.00,-4.56
261,Cajun Clean,2235 US-90,Gautier,39553,,2025,180439.00,185502.00,-2.73
262,BIG DANS,8201 US HWY 19 N,PINELLAS PARK,33781-1713,,2025,252190.00,234328.00,7.62
263,Canton Auto Wash,45425 Michigan Ave,Canton,48188,,2025,68679.00,66299.00,3.59
264,Capitol Car Wash,3125 Airport Rd,Pierre,57501,,2025,87104.00,87217.00,-0.13
265,ZIPS,1641 PRECINCT LINE RD,HURST,76054-3338,,2025,63627.00,75418.00,-15.63
266,Car Wash Cafe,3050 N University Dr,Sunrise,33322,,2025,27065.00,28141.00,-3.82
269,Car Wash Palace,4600 Coral Ridge Drive,Coral Springs,33067,,2025,66692.00,68544.00,-2.70
270,Carisma Car Wash,2407 W Dickinson Blvd,Fort Stockton,79735,,2025,55872.00,58416.00,-4.35
271,Carmel Car Wash,9115 Garland Rd,Dallas,75218,,2025,193167.00,205162.00,-5.85
272,Carmel Car Wash,2003 S Goliad St,Rockwall,75087,,2025,104958.00,121404.00,-13.55
273,Carmel Car Wash,5780 Eldorado Pkwy,Frisco,75034,,2025,93810.00,104073.00,-9.86
274,Carroll Clean Car Wash,11260 Dolfield Blvd,Owings Mills,21117,,2025,210128.00,178791.00,17.53
276,ZIPS,1704 E BROAD AVE,ROCKINGHAM,28379-4971,,2025,148412.00,149006.00,-0.40
278,Century Car Wash,620 W Service Rd,West Memphis,72301,,2025,154391.00,129895.00,18.86
279,Century Car Wash,7050 Winchester Rd,Memphis,38125,,2025,117813.00,156411.00,-24.68
280,Century Car Wash,328 E Main St,Senatobia,38668,,2025,108843.00,99687.00,9.18
281,ZIPS,12 JCT DR W,GLEN CARBON,62034-2996,,2025,7004.00,21066.00,-66.75
282,Century Car Wash,1101 Church Rd W,Southaven,38671,,2025,126071.00,132446.00,-4.81
283,Century Car Wash,29 Robbins Rd,Covington,38019,,2025,133669.00,132856.00,0.61
284,Century Car Wash,1690 Goodman Rd,Horn Lake,38637,,2025,117034.00,125092.00,-6.44
285,Century Car Wash,2660 McIngvale Rd,Hernando,38632,,2025,128013.00,100959.00,26.80
286,Chagrin Auto Spa,8327 E Washington St,Chagrin Falls,44023,,2025,43912.00,40662.00,7.99
287,TIDAL WAVE,1953 PKWY PT DR,BETHLEHEM,30620,,2025,195620.00,192915.00,1.40
288,Champion CW,101 Ren Mar Dr,Pleasant View,37146,,2025,60773.00,62123.00,-2.17
289,Champion CW,1432 Robinson Rd,Old Hickory,37138,,2025,60168.00,62268.00,-3.37
290,Champion CW,1159 W Main St,Hendersonville,37075,,2025,64029.00,69916.00,-8.42
291,Champion CW,271 New Shackle Island Rd,Hendersonville,37075,,2025,46737.00,53229.00,-12.20
293,Champion CW,3855 Dickerson Pike,Nashville,37207,,2025,57916.00,63484.00,-8.77
294,Champions Car Wash,20118 Stone Oak Parkway,San Antonio,78258,,2025,146411.00,136921.00,6.93
295,Champs Car Wash,775 N Mustang Rd,Tuttle,73089,,2025,34868.00,32926.00,5.90
296,Chandi Carwash,1801 Lander Ave,Turlock,95380,,2025,1049.00,1452.00,-27.75
297,Chemical Guys Car Wash,21003 Bloomfield Ave,Lakewood,90715,,2025,264575.00,190453.00,38.92
298,Circle K,954 US-27,Somerset,42501,,2025,8350.00,11262.00,-25.86
299,Circle K,1830 E. Hwy 80,Somerset,42503,,2025,11817.00,10983.00,7.59
300,HURRICANE EXPRESS WASH,1704 HWY 72 E,HUNTSVILLE,35811,,2025,54174.00,58419.00,-7.27
301,Circle K,1990 Oak Hill Road,Somerset,42503,,2025,7876.00,10295.00,-23.50
302,HURRICANE EXPRESS WASH,145 MOVIE ST,SAINT AUGUSTINE,32086-3139,,2025,74185.00,99649.00,-25.55
303,BLUE WAVE EXPRESS,14248 SPG CYPRESS RD,CYPRESS,77429-1999,,2025,177210.00,149422.00,18.60
305,RACEWAY CARWASH,2401 PRATER WAY,SPARKS,89431-8220,,2025,100124.00,117882.00,-15.06
306,Classic Auto Wash,289 N Comrie Ave,Johnstown,12095,,2025,148861.00,160795.00,-7.42
307,ZIPS,4035 CHALLENGER AVE,ROANOKE,24012-6735,,2025,259174.00,260349.00,-0.45
309,Classic Touch Car Wash,2758 Reynolda Rd,Winston-Salem,27106,,2025,44692.00,40469.00,10.44
310,Classie Express Car Wash,510 E Broadway,Louisville,40202,,2025,47658.00,26250.00,81.55
314,TIDAL WAVE,2789 KENTON MORRISON RD,SAINT AUGUSTINE,32084,,2025,121084.00,132057.00,-8.31
315,CALIBER CAPITAL,38 DAN OWEN DR,HAMPSTEAD,28443-4027,,2025,132909.00,123738.00,7.41
316,Clean,1020 Pear Drive,Huntsville,77320,,2025,175009.00,150790.00,16.06
317,Clean Car Wash,3975 N Federal Hwy,Boca Raton,33431,,2025,25007.00,23893.00,4.66
320,Clean Wave,11031 Los Alamitos Blvd,Los Alamitos,90720,,2025,207510.00,218191.00,-4.90
321,Clean Wheels,3919 Cheyenne Street,Cheyenne,82001,,2025,63441.00,79156.00,-19.85
322,ZIPS,2320 GREY LAG WAY,LEXINGTON,40509-2477,,2025,97255.00,104369.00,-6.82
324,ZIPS,701 E LEWIS AND CLARK PKWY,CLARKSVILLE,47129-2209,,2025,106222.00,78648.00,35.06
325,TIDAL WAVE,3543 SAINT MATTHEWS RD,ORANGEBURG,29118-8217,,2025,119619.00,115437.00,3.62
328,CALIBER CAPITAL,9012 BENBROOK BLVD,FORT WORTH,76126-2401,,2025,169229.00,172429.00,-1.86
333,TIDAL WAVE,499 EMILY DR,CLARKSBURG,26301-5512,,2025,101115.00,79259.00,27.58
334,RACEWAY CARWASH,2685 LK TAHOE BLVD,SOUTH LAKE TAHOE,96150-7700,,2025,158820.00,156164.00,1.70
337,CALIBER CAPITAL,6585 ROSWELL RD,ATLANTA,30328-3100,,2025,161106.00,163300.00,-1.34
338,TIDAL WAVE,1198 WAR EAGLE DR,LEWISBURG,37091,,2025,93356.00,81764.00,14.18
340,BLUE WAVE EXPRESS,6421 W RD,HOUSTON,77086-3253,,2025,257780.00,238224.00,8.21
346,ZIPS,1506 S MAIZE RD,WICHITA,67209-1300,,2025,29834.00,46641.00,-36.03
352,SOAPY JOES,12620 SABRE SPGS PKWY,SAN DIEGO,92128-4112,,2025,257128.00,242530.00,6.02
354,ZIPS,11346 PRINCETON PIKE,CINCINNATI,45246,,2025,21623.00,27851.00,-22.36
355,ZIPS,153 W ROOSEVELT RD,VILLA PARK,60181-3542,,2025,377453.00,373712.00,1.00
356,TIDAL WAVE,7920 VETERANS PKWY,COLUMBUS,31909-1724,,2025,224455.00,211952.00,5.90
357,TIDAL WAVE,3880 PATRICK WAY,ELIZABETH CITY,27909-9127,,2025,164724.00,159142.00,3.51
358,ZIPS,2806 RICHMOND RD,TEXARKANA,75503-2124,,2025,717.00,3128.00,-77.08
360,ZIPS,1900 N REYNOLDS RD,BRYANT,72022-2528,,2025,5119.00,8159.00,-37.26
367,Closter Car Wash,11 Endres St,Closter,07624,,2025,48559.00,48073.00,1.01
369,Coastal Car Wash,9123 Ocean Hwy,Pawleys Island,29585,,2025,32.00,32.00,0.00
370,Coastal Car Wash,9123 Ocean Hwy,Pawleys Island,29585,,2025,144093.00,143736.00,0.25
371,Colonial Car Wash,11021 Colonial Blvd,Fort Myers,33913,,2025,93673.00,94082.00,-0.43
372,Colonial Car Wash,1405 Woodruff Rd,Greenville,29607,,2025,46625.00,35583.00,31.03
373,Colonial Car Wash,2900 Wade Hampton Blvd,Taylors,29687,,2025,80171.00,90968.00,-11.87
374,Colonial Car Wash,6050 Wade Hampton Blvd,Taylors,29687,,2025,59352.00,65019.00,-8.72
375,ZIPS,100 RICHWOOD RD UNIT 34,DETROIT LAKES,56501-2100,,2025,91123.00,90701.23,0.47
376,ADAMS CAR WASH SERVICE,3399 ADAMS ST,RIVERSIDE,92504-4063,,2025,200940.00,224848.00,-10.63
377,Complete Auto Detail & Car Wash,1516 W 5th St,Austin,78703,,2025,6160.00,11248.00,-45.23
378,TIDAL WAVE,10001 E STATE RTE 350,KANSAS CITY,64138-1866,,2025,175425.00,174413.00,0.58
379,Controls Training Classroom,6501 Nob Hill Rd,Tamarac,33321,,2025,746.00,1372.00,-45.63
380,Cool Clean Car Wash,1255 W Palmetto Park Rd,Boca Raton,33486,,2025,184959.00,181651.00,1.82
381,RACEWAY CARWASH,1914 S MESA DR,MESA,85210-6209,,2025,163178.00,158840.00,2.73
383,Coral Springs Classic Car Wash,10610 Wiles Rd,Coral Springs,33076,,2025,60895.00,45740.00,33.13
388,SOAPY JOES,2658 JAMACHA RD,EL CAJON,92019-4349,,2025,279380.00,319128.00,-12.46
389,Crystal Clean Auto Spa,75 Old HWY 96,Bonaire,31005,,2025,254220.00,237335.00,7.11
397,SHINE TIME EXPRESS,1405 S HWY 27,CARROLLTON,30117-6905,,2025,227431.00,207512.00,9.60
399,TIDAL WAVE,1121 S MAIN ST,KERNERSVILLE,27284-7478,,2025,152096.00,162356.00,-6.32
407,CALIBER CAPITAL,320 S CLARK RD,DUNCANVILLE,75116-4232,,2025,208473.00,200663.00,3.89
408,RACEWAY CARWASH,243 N POWER RD,MESA,85205-8413,,2025,93726.00,83270.00,12.56
411,TIDAL WAVE,395 COX CRK PKWY,FLORENCE,35630-1539,,2025,98557.00,90283.00,9.16
412,David Chevrolet,10225 Niagara Falls Blvd,Niagara Falls,14304,,2025,42160.00,38791.00,8.69
413,Daybreak,19701 Cochran Blvd,Port Charlotte,33948,,2025,142924.00,142829.00,0.07
415,ZIPS,2806 PATTERSON ST,GREENSBORO,27407-2463,,2025,56397.00,54565.00,3.36
416,SOAPY JOES,6609 MIRA MESA BLVD,SAN DIEGO,92121-6307,,2025,245461.00,240177.00,2.20
417,Detricks,1036 Glenforest Rd,Myrtle Beach,29579,,2025,202151.00,178311.00,13.37
419,BIG DANS,300 GOLD CRK TRL,WOODSTOCK,30188-5403,,2025,157799.00,141511.00,11.51
420,Dino Dash Wash,575 N Dixie Dr,St. George,84770,,2025,123516.00,119770.00,3.13
421,Dino Dash Wash,2054 E Riverside Dr,St. George,84790,,2025,210634.00,239969.00,-12.22
425,Dix Hill Car Wash New,1232 E Jericho Turnpike,Huntington,11743,,2025,30784.00,36121.00,-14.78
426,TIDAL WAVE,1015 FRONTENAC DR,WINONA,55987,,2025,108443.00,92809.66,16.84
427,RACEWAY CARWASH,808 S ALMA SCHOOL RD,MESA,85210-2001,,2025,210511.00,185806.00,13.30
428,DIRTY DOGS CAR WASH,460 HWY 53 E,CALHOUN,30701-3055,,2025,88480.00,85572.00,3.40
429,ZIPS,2178 CHERRY RD,ROCK HILL,29732-2160,,2025,55657.00,56994.00,-2.35
430,Drip Auto Spa,8955 Indianapolis Blvd,Highland,46322,,2025,154690.00,122133.00,26.66
431,Drip Car Wash,3709 Owen Rd,Fenton,48430,,2025,154249.00,122714.00,25.70
432,ZIPS,900 LK ST,ROSELLE,60172-3352,,2025,341459.00,297514.00,14.77
433,TIDAL WAVE,802 DIXIE DR,CLUTE,77531,,2025,103004.00,102136.00,0.85
434,Drive Thru Express,590 N Magnolia Ave,Anaheim,92801,,2025,108804.00,121867.00,-10.72
435,TIDAL WAVE,109 FORUM DR,COLUMBIA,29229,,2025,166613.00,144713.00,15.13
436,CALIBER CAPITAL,2043 HESPERIDES RD,LAKE WALES,33898,,2025,91208.00,91873.00,-0.72
437,RACEWAY CARWASH,3130 S CARSON ST,CARSON CITY,89701-5551,,2025,109583.00,103788.00,5.58
438,Edge Express,925 E Dixon Blvd,Shelby,28152,,2025,132518.00,121538.00,9.03
441,Edge Express,1004 Morrisville Carpenter Rd,Morrisville,27560,,2025,122951.00,93884.00,30.96
442,TIDAL WAVE,11910 M ST,OMAHA,68137-2242,,2025,54687.00,49240.00,11.06
444,Edge Express,17000 Jefferson Davis Hwy,Dumfries,22026,,2025,282383.00,257788.00,9.54
445,Edge Express,4717 Veterans Pwky,Garner,27529,,2025,363365.00,340168.00,6.82
446,Edge Express,1696 E Dixon Blvd,Shelby,28152,,2025,32265.00,29894.00,7.93
447,Edge Express,110 Patriot Crossing Drive,Stafford,22554,,2025,217470.00,149090.00,45.86
454,ZIPS,9331 E INDEPENDENCE BLVD,MATTHEWS,28105-4508,,2025,31382.00,31540.00,-0.50
459,ZIPS,2121 DL AVE SE,ROANOKE,24013-2135,,2025,92239.00,76144.00,21.14
462,TIDAL WAVE,1 PLZ DR,HILTON HEAD ISLAND,29926,,2025,191633.00,170423.00,12.45
463,CALIBER CAPITAL,600 E EAU GALLIE BLVD,SATELLITE BEACH,32937-4200,,2025,130771.00,103492.00,26.36
464,ZIPS,550 PINEY FRST RD,DANVILLE,24540,,2025,111595.00,121975.00,-8.51
465,Elks Edge,547 CC Camp Rd,Elkin,28621,,2025,329032.00,294734.00,11.64
466,Encinitas Car Wash,293 N El Camino Real,Encinitas,92024,,2025,58808.00,66571.00,-11.66
467,Encino Car Wash,17432 Ventura Blvd,Los Angeles,91316,,2025,312843.00,285648.00,9.52
468,Englewood Car Wash,287 S Indiana Ave,Englewood,34223,,2025,22450.00,22466.00,-0.07
469,TIDAL WAVE,11458 US HWY 431,GUNTERSVILLE,35976,,2025,135527.00,129698.00,4.49
470,Evanston Car Wash,2416 Dempster St,Evanston,60202,,2025,46409.00,33162.00,39.95
471,Evergreen Car Wash,3303 San Felipe Rd,San Jose,95135,,2025,40428.00,41832.00,-3.36
474,ZIPS,6643 CLINTON HWY,KNOXVILLE,37912-1017,,2025,67487.00,84928.00,-20.54
476,FAST EDDIES CAR WASH,1406 N SAGINAW RD,MIDLAND,48640,,2025,162974.00,185085.00,-11.95
478,Express On Vaughn,6870 Vaughn Rd,Montgomery,36116,,2025,70246.00,65709.00,6.90
480,WOWO CLEVELAND,835 CALLEN LN NW,CLEVELAND,37312,,2025,95509.40,128130.00,-25.46
481,Express Wash,5430 Florida Ave S,Lakeland,33813,,2025,217990.00,202764.00,7.51
482,Express Wash,1095 Amber Pointe Blvd,Kissimmee,34744,,2025,130194.00,136810.00,-4.84
483,Express Wash,445 Florida Central Pkwy,Longwood,32750,,2025,279447.00,231897.00,20.50
484,RUTTERS FARM STORES,4425 W MARKET ST,YORK,17408-6109,,2025,2185.00,3742.00,-41.61
485,Expressway 55,800 Motor Pkwy,Brentwood,11717,,2025,26671.00,32605.00,-18.20
486,Extreme Express,655 W San Carlos St,San Jose,95126,,2025,305279.00,286874.00,6.42
488,Fast Lap Car Wash,3830 N 51st Ave,Phoenix,85031,,2025,100176.00,98031.00,2.19
491,Fast Pass Car Wash,638 North H Street,Lompoc,93436,,2025,59614.00,67334.00,-11.47
493,Fast Trac,550 Maxham Rd,Austell,30168,,2025,80060.00,89951.00,-11.00
494,Fastlane Express Car Wash,924 E 30th Ave,Hutchinson,67502,,2025,34388.00,42758.00,-19.58
496,SPEEDWAY,744 W 5TH AVE,COLUMBUS,43212,,2025,8048.00,7971.00,0.97
497,TIDAL WAVE,2841 WASHINGTON RD,AUGUSTA,30909-2173,,2025,130226.00,127466.00,2.17
498,Fine N Shine,1304 TX-121,Bonham,75418,,2025,38417.00,39875.00,-3.66
499,Finz Car Wash,801 W Yamato Rd,Boca Raton,33431,,2025,160780.00,164762.00,-2.42
500,Firehose Car Wash,1269 E 17th St,Idaho Falls,83404,,2025,96400.00,72870.00,32.29
501,Five Star,1200 Blowing Rock Rd,Boone,28607,,2025,205238.00,149306.00,37.46
502,Five Star,117 Turnersburg Hwy,Statesville,28625,,2025,351517.00,308423.00,13.97
503,Five Star,3803 W Gate City Blvd,Greensboro,27407,,2025,130438.00,125245.00,4.15
504,Flawless Auto Bath Inc,380 PORT RICHMOND AVE,STATEN ISLAND,10302,,2025,59960.00,57881.00,3.59
508,FoamWorks Express,369 Westfork Ct,Lithia Springs,30122,,2025,74157.00,68269.00,8.62
509,FoamWorks Express,4701 Hartley Bridge Rd,Macon,31216,,2025,96772.00,92230.00,4.92
510,FoamWorks Express,5551 Thomaston Rd.,Macon,31220,,2025,220833.00,194388.00,13.60
511,FoamWorks Express,5200 Altama Ave,Brunswick,31525,,2025,154369.00,143149.00,7.84
512,FoamWorks Express,1303 16th Ave E,Cordele,31015,,2025,145853.00,113062.00,29.00
513,FoamWorks Express,4780 Riverside Dr.,Macon,31201,,2025,65067.00,56282.00,15.61
514,DIRTY DOGS,6301 E HILLSBOROUGH AVE,TAMPA,33610-4101,,2025,160483.00,165228.00,-2.87
515,Foothills Car Wash,5010 E Ray Rd,Phoenix,85044,,2025,133807.00,160080.00,-16.41
517,ZIPS,2608 S MAIN ST,HIGH POINT,27263-1941,,2025,38580.00,42945.00,-10.16
519,CALIBER CAPITAL,2660 CREIGHTON RD,PENSACOLA,32504-7382,,2025,82839.00,66438.00,24.69
522,ZIPS,1525 JUNGERMANN RD,SAINT PETERS,63376-7403,,2025,6813.00,12246.00,-44.37
523,TIDAL WAVE,1302 NW SHERIDAN RD,LAWTON,73505-5212,,2025,86842.00,66405.00,30.78
525,Fusion Express,760 Benetook Ave,Mildura,3500,,2025,51423.00,48487.00,6.06
526,ZIPS,604 44TH AVE W,ALEXANDRIA,56308-2089,,2025,95598.00,96741.93,-1.18
528,Gallo Car Wash,3020 NW 13th St,Gainesville,32609,,2025,296697.00,240336.00,23.45
530,TIDAL WAVE,24550 JOHN T REID PKWY,SCOTTSBORO,35768,,2025,124485.00,129942.00,-4.20
531,TIDAL WAVE,1825 E MAIN ST,ALBEMARLE,28001-5331,,2025,238892.00,200241.00,19.30
532,TIDAL WAVE,2139 W PALMETTO ST,FLORENCE,29501-4046,,2025,219858.00,233679.00,-5.91
535,RACEWAY CARWASH,1750 VILLA AVE,CLOVIS,93612-2429,,2025,141924.00,136113.00,4.27
536,TIDAL WAVE,5825 HWY 53,HARVEST,35749-9281,,2025,82619.00,82813.00,-0.23
537,ZIPS,8010 N KINGS HWY,MYRTLE BEACH,29572,,2025,119942.00,112653.00,6.47
539,TIDAL WAVE,900 DOUGLAS DR,BAINBRIDGE,39819,,2025,134061.00,118810.00,12.84
542,WASH FACTORY,890 MCFARLAND PKWY,ALPHARETTA,30004,,2025,122687.00,122536.00,0.12
543,TIDAL WAVE,2300 2ND AVE SE,CAMBRIDGE,55008-4104,,2025,84939.00,62603.47,35.68
544,WASH FACTORY,444 CANTON RD,CUMMING,30040-2002,,2025,86724.00,67977.00,27.58
545,TIDAL WAVE,2 VIEWPOINT DR,ALEXANDRIA,41001,,2025,116849.00,100189.00,16.63
546,SPEEDWAY,2235 SEMINOLE LN,CHARLOTTESVILLE,22901-8300,,2025,3106.00,3473.00,-10.57
547,ZIPS,4311 N STATE LINE AVE,TEXARKANA,75503-3137,,2025,6653.00,19128.00,-65.22
548,CALIBER CAPITAL,3251 GOLDEN TRIANGLE BLVD,FORT WORTH,76177-7100,,2025,136019.00,188088.00,-27.68
552,Glacier Express,90 24th St W,Billings,59102,,2025,105097.00,106012.00,-0.86
553,CALIBER CAPITAL,9249 HWY 5,DOUGLASVILLE,30134-1544,,2025,207300.00,224139.00,-7.51
555,Glo Car Wash,8409 Bedford Euless Rd,Hurst,76053,,2025,100394.00,59893.00,67.62
556,Gloss Car Wash,5712 Lawrenceville Hwy,Lilburn,30047,,2025,95478.00,134570.00,-29.05
557,Go Clean Car Wash,3218 N Monroe St,Tallahassee,32303,,2025,53906.00,61820.00,-12.80
558,Go Clean Car Wash,2315 Capital Cir NE,Tallahassee,32308,,2025,66926.00,83141.00,-19.50
559,Go Clean Car Wash,1 Veteran Blvd,Eufaula,36027,,2025,85359.00,82370.00,3.63
560,Go Clean Pensacola,6658 Mobile Hwy,Pensacola,32526,,2025,89872.00,79567.00,12.95
561,HURRICANE EXPRESS WASH,834 N MILITARY HWY,NORFOLK,23502-3627,,2025,113560.00,112667.00,0.79
562,ZIPS,509 GDN CITY CONNECTOR,MURRELLS INLET,29576-7847,,2025,60091.00,68777.00,-12.63
563,Go Green N Clean1,196 Onix Dr,Kennett Square,19348,,2025,141326.00,143978.00,-1.84
565,ZIPS,7 BAYLOR BRK DR,OKATIE,29909-9004,,2025,113186.00,107923.00,4.88
566,HWY 5 CAR CARE INC,2980 HWY 5,DOUGLASVILLE,30135-2389,,2025,38657.00,35268.00,9.61
567,AQUA SPLASH,3945 FLT SHLS PKWY,DECATUR,30034-4102,,2025,62622.00,81502.00,-23.17
572,MAGNOLIA,1206 S GLENBURNIE RD,NEW BERN,28562-2611,,2025,56157.00,63405.00,-11.43
579,Googie,8016 Santa Fe Springs Rd.,Whittier,90602,,2025,252206.00,237710.00,6.10
580,Grand Prix Car Wash,3080 San Pablo Dam Rd,San Pablo,94803,,2025,22965.00,23900.00,-3.91
581,7-ELEVEN,755 FISH CRK THOROUGHFARE,MONTGOMERY,77316-6837,,2025,79653.00,60814.00,30.98
582,Great North Auto Wash,2701 N Lincoln Rd,Escanaba,49829,,2025,80988.00,71976.00,12.52
583,Green Ocean Car Wash,187 Teaticket Hwy,Falmouth,02536,,2025,107218.00,99077.00,8.22
585,TIDAL WAVE,1380 BOWENS ML RD SW,DOUGLAS,31533,,2025,153832.00,129828.00,18.49
587,FAST EDDIES CAR WASH,3383 MILLER RD,FLINT,48507,,2025,130181.00,133901.00,-2.78
588,Grime Scene,513 TX-114,Levelland,79336,,2025,156522.00,149959.00,4.38
589,ZIPS,4747 US HWY 80 E,SAVANNAH,31410,,2025,103486.00,115185.00,-10.16
590,Gwatzilla Car Wash,1701 T P White Dr,Jacksonville,72076,,2025,97103.00,94046.00,3.25
591,H2GLO CAR WASH,1905 Electric Rd,Cave Spring,24018,,2025,178825.00,164868.00,8.47
592,H2O Auto Spa,2545 HYLAN BLVD,STATEN ISLAND,10306,,2025,73553.00,69827.00,5.34
593,Haffners,2221 Main St,Tewksbury,01876,,2025,37828.00,39849.00,-5.07
594,Haffners,469 Haverhill St,Lawrence,01841,,2025,106346.00,98502.00,7.96
595,ZIPS,1402 S CANNON BLVD,KANNAPOLIS,28083-6249,,2025,119669.00,112222.00,6.64
596,Haffners,96 Pleasant Valley St,Methuen,01844,,2025,92597.00,86513.00,7.03
597,Haffners,215 Lowell Rd,Hudson,03051,,2025,71782.00,72993.00,-1.66
599,Haffners,69 Parker St,Lawrence,01843,,2025,297558.00,275306.00,8.08
600,Haffners,330 S Broadway,Lawrence,01843,,2025,110402.00,108306.00,1.94
601,AQUA SPLASH,5559 MEMORIAL DR,STONE MOUNTAIN,30083-3262,,2025,32356.00,45911.00,-29.52
602,Haffners,73 Plaistow Rd,Haverhill,01830,,2025,89807.00,87454.00,2.69
603,Haffners,1150 Bridge St,Lowell,01850,,2025,100461.00,86862.00,15.66
604,CALIBER CAPITAL,1090 INDUSTRIAL PKWY B,SARALAND,36571-3720,,2025,79148.00,88640.00,-10.71
605,FAST EDDIES CAR WASH,16836 MARSH RD,HASLETT,48840-8948,,2025,137509.00,137998.00,-0.35
607,ZIPS,220 S HALL RD,ALCOA,37701-2642,,2025,62982.00,80668.00,-21.92
608,ZIPS,1822 US HWY 74A BYP,FOREST CITY,28043,,2025,102525.00,106502.00,-3.73
612,ZIPS,4651 LITTLE RD,ARLINGTON,76017-1039,,2025,140684.00,159323.00,-11.70
616,Happy Car Wash 2,527 NW North Albany Rd,Albany,97321,,2025,54885.00,49441.00,11.01
618,Havasu Express,108 N Lake Havasu Ave,Lake Havasu City,86403,,2025,59314.00,30504.00,94.45
619,ZIPS,2116 E MAIN ST,LINCOLNTON,28092,,2025,210524.00,189389.00,11.16
620,Heroes Car Wash,1420 E Innes St,Salisbury,28146,,2025,291959.00,259298.00,12.60
621,TIDAL WAVE,106 OLD LEESBURG RD,LEESBURG,31763-5016,,2025,90053.00,86342.00,4.30
623,Heroes Car Wash,2000 Hendersonville Rd,Asheville,28803,,2025,223095.00,217168.00,2.73
626,Heroes Car Wash,1370 NW Maynard Rd,Cary,27513,,2025,236472.00,204379.00,15.70
627,Hippo Car Wash,510 W Bosanko Ave,Coeur d'Alene,83815,,2025,103900.00,102971.00,0.90
628,TIDAL WAVE,129 BENJAMIN H HL DR W,FITZGERALD,31750,,2025,190718.00,162672.00,17.24
629,Hitech Autocare,1675 Ave Victor M Labiosa,San Juan,00926,,2025,60818.00,50411.00,20.64
631,ZIPS,3399 N WHITE SANDS BLVD,ALAMOGORDO,88310,,2025,71549.00,65709.00,8.89
633,IKO Car Wash,4450 S Pine Island Rd,Davie,33328,,2025,78084.00,70910.00,10.12
634,Imperial Car Wash,8795 Little Rd,New Port Richey,34654,,2025,104029.00,109551.00,-5.04
637,International Auto Spa,4975 Clark Rd,Sarasota,34233,,2025,115767.00,127664.00,-9.32
642,Jammin Car Wash,21356 Walmart Way,Lutz,33548,,2025,172396.00,191790.00,-10.11
643,Jc Auto Wash,701 S Dewey St,North Platte,69101,,2025,7988.00,9109.00,-12.31
644,Jet Express Car Wash,1501 S Main St,Blacksburg,24060,,2025,45697.00,56485.00,-19.10
645,Jet Express Franklin,1121 Georgia Rd,Franklin,28734,,2025,131424.00,111042.00,18.36
646,ZIPS,7900 HWY 107,SHERWOOD,72120-3864,,2025,31088.00,36100.00,-13.88
648,Jimmy Suds Car Wash,935 S Kipling Pkwy,Lakewood,80226,,2025,141837.00,152689.00,-7.11
649,JJ Express Car Wash,2185 US-70,Thatcher,85552,,2025,68422.00,97971.00,-30.16
650,JJscarwash,121 Maple Leaf Dr,League City,77573,,2025,237883.00,228247.00,4.22
651,JJscarwash,404 FM 517 W,Dickinson,77539,,2025,256607.00,239557.00,7.12
652,JJscarwash,2221 W Parkwood Ave,Friendswood,77546,,2025,123436.00,117402.00,5.14
653,SPINX COMPANY,2801 HWY 52,MONCKS CORNER,29461,,2025,95636.00,96142.00,-0.53
654,TIDAL WAVE,1005 ROBERTS BR PKWY,COLUMBIA,29203,,2025,156768.00,153715.00,1.99
655,TIDAL WAVE,6700 PEAKE RD,MACON,31210-2088,,2025,128038.00,127129.00,0.72
656,Jules Car Wash,10060 US-301,Riverview,33569,,2025,155277.00,158528.00,-2.05
657,Jules Car Wash,654 W Brandon Blvd,Brandon,33511,,2025,48418.00,54103.00,-10.51
660,JACK ANTHONY INDUSTRIES,1206 N TEXAS ST,FAIRFIELD,94533-5641,,2025,236603.00,235586.00,0.43
661,Kind Car Wash,3106 N National Rd,Columbus,47201,,2025,198388.00,181190.00,9.49
663,Kiwi Car Wash,4915 20th St,Vero Beach,32966,,2025,363083.00,373193.00,-2.71
665,Koala Car Wash,1560 Lexington Rd,Athens,30605,,2025,58871.00,70093.00,-16.01
666,Kuhnsville Car Wash,5627 Tilghman St,Allentown,18104,,2025,79282.00,77741.00,1.98
667,Kwik Car Wash,4000 Catnip Hill Rd,Nicholasville,40356,,2025,9852.00,7892.00,24.84
668,SUMMIT WASH HOLDINGS,45650 US HWY 27,DAVENPORT,33897,,2025,62675.00,48694.00,28.71
669,LA Xpress Car Wash,444 North Franklin Street,Lancaster,17602,,2025,34400.00,33203.00,3.61
671,SOAPY JOES,6675 EL CAJON BLVD,SAN DIEGO,92115-2802,,2025,224992.00,206970.00,8.71
672,Lakes Edge,7916 Bradley Long Dr,Sherrills Ford,28673,,2025,114091.00,90650.00,25.86
673,Lathrop Arco Car Wash,2050 Crestwood Ave,Manteca,95336,,2025,142682.00,146530.00,-2.63
675,BIG DANS,10615 FL 64,BRADENTON,34212,,2025,247661.00,229835.00,7.76
676,Legacy Express Wash,2583 E 5th Ave,Columbus,68601,,2025,156361.00,141474.00,10.52
678,Lexington Auto Spa,1124 Winchester Rd,Lexington,40505,,2025,44904.00,40119.00,11.93
681,Lightning Fast,2045 W Oaklawn Rd,Pleasanton,78064,,2025,47602.00,50713.00,-6.13
684,ZIPS,8301 COLERAIN AVE,CINCINNATI,45239,,2025,22073.00,24864.00,-11.23
686,Liquid Sunshine,4132 Southside Blvd,Jacksonville,32256,,2025,22575.00,55577.00,-59.38
687,Local Car Wash,331 W Loudon St,Chambersburg,17201,,2025,31855.00,32239.00,-1.19
689,Lonestar Suds Express,12606 Indiana Ave,Lubbock,79423,,2025,303787.00,289464.00,4.95
691,CALIBER CAPITAL,121 RIV BND DR,GRANITE FALLS,28630,,2025,88295.00,74049.00,19.24
692,TIDAL WAVE,4915 LANIER ISS PKWY,BUFORD,30518,,2025,163438.00,171867.00,-4.90
693,Louisville Honda World,1 Swope Autocenter Dr,Louisville,40299,,2025,28754.00,38714.00,-25.73
694,TIDAL WAVE,312 19TH AVE SE,WILLMAR,56201-5300,,2025,59385.00,49980.99,18.82
701,TIDAL WAVE,2226 S LOOP 256,PALESTINE,75801-4702,,2025,140949.00,134218.00,5.01
703,ZIPS,11399 S REDWOOD RD,SOUTH JORDAN,84095-8212,,2025,242298.00,263752.00,-8.13
706,ZIPS,3402 KNICKERBOCKER RD,SAN ANGELO,76904-6805,,2025,131038.00,139169.00,-5.84
708,ZIPS,8660 YOUREE DR,SHREVEPORT,71115-2529,,2025,1793.00,8666.00,-79.31
710,ZIPS,3008 S CONGRESS AVE,BOYNTON BEACH,33426-9011,,2025,181076.00,202482.00,-10.57
711,ZIPS,8242 FM 78,CONVERSE,78109-1055,,2025,8888.00,22457.00,-60.42
714,TIDAL WAVE,10760 PARALLEL PKWY,KANSAS CITY,66109-3647,,2025,173537.00,148511.00,16.85
716,TIDAL WAVE,1409 PACKER XING,RICHMOND,23235,,2025,128581.00,100591.00,27.83
718,GATE EXPRESS,3011 INTERNATIONAL GOLF PKWY,SAINT AUGUSTINE,32092-0032,,2025,7870.00,8391.00,-6.21
722,ZIPS,5211 UNIVERSITY PKWY,WINSTON SALEM,27106-6087,,2025,58389.00,68067.00,-14.22
725,ZIPS,4102 CLEMSON BLVD,ANDERSON,29621-1108,,2025,29509.00,43877.00,-32.75
729,TIDAL WAVE,2101 N LOCUST AVE,LAWRENCEBURG,38464-4461,,2025,124003.00,105680.00,17.34
730,ZIPS,11355 GRAVOIS RD,SAINT LOUIS,63126-3623,,2025,6452.00,11876.00,-45.67
731,TIDAL WAVE,2709 17TH AVE CONNECTOR,SPRINGFIELD,37172-4204,,2025,98175.00,91708.00,7.05
733,CALIBER CAPITAL,812 FL 19,PALATKA,32177,,2025,101137.00,93183.00,8.54
737,TIDAL WAVE,3915 JILES WAY,KENNESAW,30144-1220,,2025,132060.00,145527.00,-9.25
740,TIDAL WAVE,1005 LK JOY RD,WARNER ROBINS,31088-3007,,2025,147133.00,157771.00,-6.74
745,TIDAL WAVE,391 ASHEVILLE HWY 64,BREVARD,28712-4647,,2025,129778.00,124144.00,4.54
752,RISING TIDE CAR WASH,7201 N STATE RD 7,POMPANO BEACH,33073-4526,,2025,198600.00,153936.00,29.01
754,TIDAL WAVE,417 N HWY 52,MONCKS CORNER,29461-3923,,2025,148226.00,148605.00,-0.26
756,TIDAL WAVE,153 W PIN LN,MORRISTOWN,37814-0601,,2025,69011.00,44539.00,54.95
758,ZIPS,150 W 7200 S,MIDVALE,84047-3727,,2025,150862.00,170850.00,-11.70
760,ZIPS,125 ATHENS HWY UNIT 78,LOGANVILLE,30052-2229,,2025,76533.00,84554.00,-9.49
762,GATE EXPRESS,11350 BAYMEADOWS RD,JACKSONVILLE,32256-7186,,2025,6400.00,4893.00,30.80
766,RACEWAY CARWASH,78992 HWY 111,LA QUINTA,92253-2047,,2025,70474.00,65170.00,8.14
767,TIDAL WAVE,1690 E LAMAR ST,AMERICUS,31709-5556,,2025,159028.00,152280.00,4.43
776,ZIPS,9430 PAGE AVE,SAINT LOUIS,63132-1539,,2025,175540.00,140731.00,24.73
777,SOAPY JOES,9650 MIRAMAR RD,SAN DIEGO,92126-4530,,2025,265413.00,243358.00,9.06
779,TIDAL WAVE,4790 ELM SPGS RD,SPRINGDALE,72762,,2025,78160.00,86471.00,-9.61
780,ZIPS,12167 MONTGOMERY RD,CINCINNATI,45249-1766,,2025,46932.00,66622.00,-29.55
781,ZIPS,40091 HWY 441 S,COMMERCE,30529-6656,,2025,135544.00,136496.00,-0.70
785,SOAPY JOES,8455 JAMACHA RD,SAN DIEGO,92114,,2025,336202.00,320320.00,4.96
786,ZIPS,693 S WILLOW AVE,COOKEVILLE,38501-3801,,2025,61558.00,59559.00,3.36
788,CALIBER CAPITAL,1607 BENNING DR,COLUMBUS,31903-2701,,2025,67467.00,65249.00,3.40
797,ZIPS,3701 SOUTHERN MNR DR,SAINT LOUIS,63125,,2025,10215.00,17638.00,-42.09
799,TIDAL WAVE,15370 MAYBERRY DR,ATHENS,35613,,2025,62957.00,66183.00,-4.87
805,ZIPS,3601 CALUMET AVE,MANITOWOC,54220-5431,,2025,2773.00,6774.00,-59.06
813,SPINX COMPANY,4283 CALHOUN MEMORIAL HWY,EASLEY,29640-9034,,2025,54759.00,53352.00,2.64
816,BLUE WAVE EXPRESS,902 KATY FT BND RD,KATY,77494-2054,,2025,165480.00,154349.00,7.21
820,ZIPS,2121 S MAIN ST,WAKE FOREST,27587-1637,,2025,27253.00,30169.00,-9.67
821,TIDAL WAVE,897 W OGLETHORPE HWY,HINESVILLE,31313-4404,,2025,195137.00,215397.00,-9.41
828,TIDAL WAVE,201 GRANDVIEW DR,SUMMERVILLE,29483-6942,,2025,122178.00,135117.00,-9.58
829,ZIPS,620 S BOWMAN RD,LITTLE ROCK,72211-3614,,2025,22124.00,29163.00,-24.14
830,TIDAL WAVE,2600 9TH AVE SE,WATERTOWN,57201-7193,,2025,54103.00,58731.00,-7.88
832,ZIPS,2910 KITTY LN,SHREVEPORT,71107-4097,,2025,12350.00,25010.00,-50.62
833,RACEWAY CARWASH,8778 W THUNDERBIRD RD,PEORIA,85381-4884,,2025,70252.00,61437.00,14.35
834,TIDAL WAVE,2635 WHITE BEAR AVE N,SAINT PAUL,55109-5110,,2025,126907.00,115997.51,9.40
836,ZIPS,3955 ASHLEY PHOSPHATE RD,NORTH CHARLESTON,29418-8583,,2025,2137.00,7196.00,-70.30
837,ZIPS,600 E BOUGHTON RD,BOLINGBROOK,60440-2202,,2025,447214.00,437777.00,2.16
841,TIDAL WAVE,3051 10TH AVE S,GREAT FALLS,59405-3444,,2025,74590.00,71020.00,5.03
845,ZIPS,9191 HWY 142 N,COVINGTON,30014-1592,,2025,33932.00,66973.00,-49.33
849,RACEWAY CARWASH,4119 E THOMAS RD,PHOENIX,85008-7515,,2025,126635.00,115230.00,9.90
850,Mach 1 Express Wash,2210 S Harper Rd,Corinth,38834,,2025,117169.00,105611.00,10.94
851,Mach 1 Express Wash,157 Plaza Dr,Forest City,28043,,2025,120182.00,118330.00,1.57
853,Mach 1 Express Wash,20945 N Dupont Blvd,Georgetown,19947,,2025,43185.00,47553.00,-9.19
855,ZIPS,1251 N GARY AVE,CAROL STREAM,60188,,2025,429360.00,404204.00,6.22
856,Mach 1 Express Wash,5201 NJ-70,Pennsauken Township,08109,,2025,71629.00,83882.00,-14.61
857,Mach 1 Express Wash,155 Plaza Blvd,Madison,35758,,2025,38732.00,37524.00,3.22
858,Mach 1 Express Wash,1559 Rome Hwy,Cedartown,30125,,2025,80208.00,81824.00,-1.97
860,ZIPS,6102 STACY RD,MCKINNEY,75070-1996,,2025,153983.00,167607.00,-8.13
861,Mach 1 Express Wash,9 Hillview Ave NE,Cartersville,30121,,2025,55102.00,60853.00,-9.45
862,CALIBER CAPITAL,3975 GRAPEVINE ML PKWY,GRAPEVINE,76051-1944,,2025,125583.00,138462.00,-9.30
863,Mach 1 Express Wash,1624 Old Monrovia Rd NW,Huntsville,35806,,2025,67503.00,69732.00,-3.20
864,Magic Brush,4550 Barranca Pkwy,Irvine,92604,,2025,119505.00,107430.00,11.24
865,Magic Brush,2122 W Highland Ave,San Bernardino,92407,,2025,23415.00,28228.00,-17.05
866,Magic Brush,27503 McCall Blvd,Menifee,92585,,2025,58599.00,61472.00,-4.67
867,Magic Brush,22330 Cactus Ave,Moreno Valley,92553,,2025,14907.00,14576.00,2.27
869,ZIPS,2300 BATTLEGROUND AVE,GREENSBORO,27408-5421,,2025,57203.00,56158.00,1.86
870,Magic City Car Wash,619 N Broadway,Minot,58703,,2025,82287.00,79560.00,3.43
877,RACEWAY CARWASH,1025 N 51ST AVE,PHOENIX,85043-5562,,2025,93328.00,118972.00,-21.55
880,TIDAL WAVE,712 HWY 76,WHITE HOUSE,37188-9207,,2025,109863.00,95854.00,14.61
881,ZIPS,797 SW WILSHIRE BLVD,BURLESON,76028-5710,,2025,17074.00,23518.00,-27.40
882,CALIBER CAPITAL,3236 ALTA MERE DR,FORT WORTH,76116-5207,,2025,158469.00,183659.00,-13.72
885,RUTTERS FARM STORES,369 LEWISBERRY RD,NEW CUMBERLAND,17070,,2025,438.00,1707.00,-74.34
888,TIDAL WAVE,3933 PORTSMOUTH BLVD,CHESAPEAKE,23321-3660,,2025,94091.00,94615.00,-0.55
891,CALIBER CAPITAL,2011 S CROATAN HWY,KILL DEVIL HILLS,27948,,2025,81220.00,85201.00,-4.67
892,ZIPS,7365 KINGSTON PIKE,KNOXVILLE,37919-5608,,2025,50538.00,59230.00,-14.67
893,ZIPS,102 S ILLINOIS AVE,OAK RIDGE,37830-6201,,2025,52362.00,59598.00,-12.14
894,ZIPS,100 E MCLEROY BLVD,FORT WORTH,76179-1648,,2025,24695.00,30953.00,-20.22
896,TIDAL WAVE,3665 BLACK DECKER RD,FAYETTEVILLE,28306,,2025,153996.00,146813.00,4.89
897,TIDAL WAVE,3898 BRIAN JORDAN PL,HIGH POINT,27265-8043,,2025,168651.00,158895.00,6.14
906,ZIPS,4831 POPLAR AVE,MEMPHIS,38117-5146,,2025,22904.00,30897.00,-25.87
907,ZIPS,9500 DIXIE HWY,LOUISVILLE,40272-3343,,2025,72036.00,61222.00,17.66
909,CALIBER CAPITAL,150 N BELTLINE DR,FLORENCE,29501,,2025,53242.00,56389.00,-5.58
911,ZIPS,1431 CULEBRA RD,SAN ANTONIO,78201-5910,,2025,28240.00,49348.00,-42.77
912,CALIBER CAPITAL,5410 N BCH ST,FORT WORTH,76137-2732,,2025,120062.00,140954.00,-14.82
916,ZIPS,7910 N TRYON ST,CHARLOTTE,28262-3456,,2025,75508.00,74977.00,0.71
921,TIDAL WAVE,4000 ESTES PKWY,LONGVIEW,75603,,2025,90571.00,77726.00,16.53
922,ZIPS,7150 W 54TH ST,CHICAGO,60638-2519,,2025,406855.00,413044.00,-1.50
923,TIDAL WAVE,520 FLS BLVD,BRISTOL,24202-1111,,2025,68464.00,55585.00,23.17
924,TIDAL WAVE,4004 CENTRAL AVE,HOT SPRINGS NATIONAL PARK,71913-7289,,2025,88891.00,79349.00,12.03
929,TIDAL WAVE,9 SAMS PT RD,BEAUFORT,29907-2024,,2025,149329.00,154141.00,-3.12
932,ZIPS,2612 WASHINGTON AVE,SHEBOYGAN,53081-6423,,2025,18152.00,29017.00,-37.44
933,ZIPS,5090 W UNIVERSITY DR,PROSPER,75078-9821,,2025,182095.00,193619.00,-5.95
936,ZIPS,2048 BELLS HWY,WALTERBORO,29488,,2025,26530.00,32460.00,-18.27
938,HY-VEE GAS,2717 BRG AVE,ALBERT LEA,56007-2078,,2025,7640.00,10876.80,-29.76
942,ZIPS,994 PKWY,SEVIERVILLE,37862-4324,,2025,17478.00,24664.00,-29.14
946,ZIPS,1008 FORDING IS RD,BLUFFTON,29910-4886,,2025,86238.00,93571.00,-7.84
948,BIG DANS,135 N US HWY 441,LADY LAKE,32159-3778,,2025,157315.00,135253.00,16.31
949,TIDAL WAVE,607 A N CHURCH ST,THOMASTON,30286-3620,,2025,190291.00,186159.00,2.22
952,WASH FACTORY,2703 BUFORD HWY,DULUTH,30096,,2025,110619.00,104096.00,6.27
959,TIDAL WAVE,1564 HOLCOMB BRG RD,ROSWELL,30076-2518,,2025,190396.00,198814.00,-4.23
960,ZIPS,321 E YOUNG AVE STE H,WARRENSBURG,64093-1291,,2025,90021.00,109433.00,-17.74
962,TIDAL WAVE,1950 LK PNE DR,APEX,27502-6408,,2025,168266.00,161874.00,3.95
969,BLUE WAVE EXPRESS,14206 FM 1488 RD,MAGNOLIA,77354-1665,,2025,158235.00,133551.00,18.48
973,BIG DANS,18 SHORTER AVE NW,ROME,30165,,2025,257814.00,259563.00,-0.67
975,TIDAL WAVE,6121 LK OCONEE PKWY,GREENSBORO,30642-3823,,2025,170554.00,162767.00,4.78
977,SPEEDWAY,121 E STEWART ST,DAYTON,45409-2625,,2025,7044.00,6393.00,10.18
982,HURRICANE EXPRESS WASH,4981 VIRGINIA BCH BLVD,VIRGINIA BEACH,23462-2623,,2025,83965.00,96155.00,-12.68
984,TIDAL WAVE,2550 S MCKENZIE ST,FOLEY,36535-3406,,2025,159589.00,136073.00,17.28
985,BIG DANS,517 NE 5TH ST,CRYSTAL RIVER,34429-4242,,2025,205236.00,185484.00,10.65
987,SPEEDWAY,4334 HLS DALES RD NW,CANTON,44708,,2025,3793.00,4021.00,-5.67
989,QUICK N CLEAN,5600 CP BOWIE BLVD,FORT WORTH,76107-5119,,2025,22135.00,52492.00,-57.83
999,ZIPS,3410 28TH AVE S,MOORHEAD,56560-7909,,2025,53819.00,57317.09,-6.10
1003,Magnus Car Wash,Kendall Dr,San Bernardino,92407,,2025,13057.00,27484.00,-52.49
1004,ZIPS,106 MOSS GRV BLVD,KNOXVILLE,37922-4453,,2025,103402.00,118129.00,-12.47
1011,AQUA RAIN CARWASH,4037 LAWRENCEVILLE HWY,TUCKER,30084-4620,,2025,64625.00,74039.00,-12.71
1012,Mega Shine,18282 E Thirteen Mile Rd,Roseville,48066,,2025,57125.00,47001.00,21.54
1014,TIDAL WAVE,2510 N BALTIMORE ST,KIRKSVILLE,63501-1922,,2025,81095.00,73783.00,9.91
1016,Mendham Car Wash,104 E Main St,Mendham,07945,,2025,32960.00,29976.00,9.95
1017,RACEWAY CARWASH,7801 N 43RD AVE,PHOENIX,85051-5742,,2025,134103.00,127299.00,5.34
1018,Mint Carwash,3751 Frankford Rd,Dallas,75287,,2025,75607.00,78966.00,-4.25
1019,Mint Express Carwash,8640 Barker Cypress Rd,Houston,77095,,2025,130484.00,143248.00,-8.91
1021,Mint Express Carwash,23040 Morton Ranch Rd,Katy,77449,,2025,116326.00,117395.00,-0.91
1022,ZIPS,11647 SAINT CHARLES ROCK RD,BRIDGETON,63044-2728,,2025,123943.00,138444.00,-10.47
1023,CAR WASH OPERATIONS,1135 YELLOWSTONE AVE,POCATELLO,83201-4311,,2025,20798.00,29980.00,-30.63
1024,Mistic Express Car Wash,1052 Kauffman Ave,Fairborn,45324,,2025,12054.00,16220.00,-25.68
1025,Mistic Express Car Wash,750 Cincinnati Ave,Xenia,45385,,2025,44932.00,39459.00,13.87
1026,Mistic Express Car Wash,2650 EAST WHIPP ROAD,CENTERVILLE,45440,,2025,44629.00,40129.00,11.21
1027,Mojo Xpress Wash,332 South Green St,Swainsboro,30401,,2025,83151.00,84329.00,-1.40
1028,Mojo Xpress Wash,141 Hopkins Corner Dr,Waynesboro,30830,,2025,63630.00,60605.00,4.99
1029,Monkey Shine,2518 Bob Bullock Loop,Laredo,78045,,2025,66058.00,71115.00,-7.11
1030,TIDAL WAVE,2821 NC HWY 210 E,HAMPSTEAD,28443-8951,,2025,106272.00,105666.00,0.57
1032,ZIPS,7525 MTN GRV DR,KNOXVILLE,37920-6754,,2025,165954.00,155363.00,6.82
1035,Monsters Express LLC,2160 NW Federal Hwy,Stuart,34994,,2025,149904.00,164023.00,-8.61
1037,Mountain Edge,200 E Commonwealth Dr,Wytheville,24382,,2025,260089.00,257509.00,1.00
1038,Mountain Express,226 Old Chimney Rock Rd,Hendersonville,28792,,2025,77351.00,76103.00,1.64
1039,Mountain Express,821 Shepherd St,Hendersonville,28792,,2025,113576.00,95584.00,18.82
1040,Moyka 441,1955 S State Rd 7,Davie,33317,,2025,172528.00,181464.00,-4.92
1041,Moyka 441,1080 NW 31st Ave,Fort Lauderdale,33311,,2025,55097.00,66609.00,-17.28
1043,Mr Clean Car Wash,4175 Jimmy Carter Blvd,Norcross,30093,,2025,32623.00,54997.00,-40.68
1045,TIDAL WAVE,7027 GEORGE WASHINGTON MEMORIAL HWY,GLOUCESTER,23061-5146,,2025,303637.00,348043.00,-12.76
1046,Mr Clean Car Wash,262 GA-515,Blairsville,30512,,2025,279287.00,359499.00,-22.31
1047,Mr Clean Car Wash,3020 S Pine Ave,Ocala,34471,,2025,47823.00,79463.00,-39.82
1049,Mr Clean Car Wash,3950 Shallowford Rd,Marietta,30062,,2025,71871.00,76027.00,-5.47
1050,Mr Clean Car Wash,1396 W N Blvd,Leesburg,34748,,2025,90725.00,136963.00,-33.76
1051,Mr Clean Car Wash,4840 Atlanta Hwy,Loganville,30052,,2025,149338.00,164292.00,-9.10
1052,TIDAL WAVE,16170 STEVENS PT CIR,GRETNA,68028,,2025,129255.00,193341.00,-33.15
1053,ZIPS,6948 W GRAND AVE,ELMWOOD PARK,60707-2124,,2025,595849.00,639938.00,-6.89
1055,Mr Clean Car Wash,890 Blanding Blvd,Orange Park,32065,,2025,53450.00,78329.00,-31.76
1056,TIDAL WAVE,5040 HWY 34 E,SHARPSBURG,30277-3504,,2025,190218.00,209648.00,-9.27
1057,Mr Clean Car Wash,220 Riverstone Pkwy,Canton,30114,,2025,38423.00,47191.00,-18.58
1058,Mr Clean Car Wash,2904 Holcomb Bridge Rd,Alpharetta,30022,,2025,87177.00,95628.00,-8.84
1059,Mr Clean Car Wash,988 Duluth Hwy #120,Lawrenceville,30043,,2025,67742.00,93800.00,-27.78
1060,Mr Clean Car Wash,1382 Pleasant Hill Rd,Lawrenceville,30044,,2025,99728.00,86075.00,15.86
1061,ZIPS,6083 AIRLINE RD,ARLINGTON,38002-9927,,2025,37369.00,44808.00,-16.60
1062,ZIPS,2801 N CLASSEN BLVD,OKLAHOMA CITY,73106-5419,,2025,39269.00,40792.00,-3.73
1063,Mr D Car Wash,525 E Sumner St,Hartford,53027,,2025,48356.00,43199.00,11.94
1065,RACEWAY CARWASH,440 ACADEMY AVE,SANGER,93657-2409,,2025,40652.00,65217.00,-37.67
1068,ZIPS,1143 TUNL RD,ASHEVILLE,28805,,2025,117946.00,97268.00,21.26
1071,ZIPS,1008 HWY K,O FALLON,63366-2913,,2025,90515.00,105779.00,-14.43
1075,ZIPS,71 JESSIE MAE THURMOND CONNECTOR,CLEVELAND,30528,,2025,93635.00,87283.00,7.28
1076,Newport auto spa,1461 Superior Ave,Newport Beach,92663,,2025,15939.00,19418.00,-17.92
1077,Nicholasville Cw,218 Blueberry Ln,Nicholasville,40356,,2025,26164.00,25376.00,3.11
1078,Norco AUTO Spa,996 Mountain Ave,Norco,92860,,2025,39000.00,42118.00,-7.40
1079,North Port Car Wash,14164 Tamiami Trail,North Port,34287,,2025,186899.00,195256.00,-4.28
1080,Oasis Auto Spa,5001 Collin McKinney Pkwy,McKinney,75070,,2025,161868.00,148215.00,9.21
1081,OBXpress,4011 N Croatan Hwy,Kitty Hawk,27949,,2025,48977.00,50993.00,-3.95
1082,Ocean Express,9640 Federal Blvd,Federal Heights,80260,,2025,167603.00,184501.00,-9.16
1083,Ocean State Car Wash,2313 Post Rd,Warwick,02886,,2025,78635.00,83935.00,-6.31
1086,TIDAL WAVE,2239 W DEKALB ST,CAMDEN,29020-2070,,2025,318823.00,305711.00,4.29
1087,Ollie Wash,3850 Frederica St,Owensboro,42301,,2025,184961.00,186597.00,-0.88
1088,ZIPS,1308 S SANTA FE AVE,EDMOND,73003-5900,,2025,6671.00,14171.00,-52.92
1089,CALIBER CAPITAL,2927 W NORVELL BRYANT HWY,LECANTO,34461,,2025,84744.00,97981.00,-13.51
1091,ZIPS,701 W DEBBIE LN,MANSFIELD,76063-3910,,2025,117953.00,118006.00,-0.04
1093,Papa Bear,1500 Pearman Dairy Rd,Anderson,29625,,2025,371602.00,337004.00,10.27
1094,Papa Bear,5260 Calhoun Memorial Hwy,Easley,29640,,2025,310865.00,261514.00,18.87
1095,Papa Bear,3436 Clemson Blvd,Anderson,29621,,2025,323177.00,280629.00,15.16
1096,ZIPS,5274 DIXIE HWY,FAIRFIELD,45014-3009,,2025,21753.00,25438.00,-14.49
1097,Paradise Falls Carwash,4350 Austell Rd,Austell,30106,,2025,70906.00,63125.00,12.33
1098,Paradise Falls Carwash,1122 Richard D Sailors Pkwy,Powder Springs,30127,,2025,180345.00,170919.00,5.51
1099,Pastime Auto Wash,2610 OLIVE HIGHWAY,OROVILLE,95966,,2025,106850.00,121129.00,-11.79
1100,Patriot Petroleum,2340 W Main Rd,Portsmouth,02871,,2025,13098.00,15586.00,-15.96
1101,RACEWAY CARWASH,2805 N MCCARRAN BLVD,SPARKS,89431-1882,,2025,191409.00,161490.00,18.53
1102,Pelican Auto Wash,11370 US-1,North Palm Beach,33408,,2025,155819.00,162478.00,-4.10
1103,Pelican Car Wash,13020 US-1,Sebastian,32958,,2025,208684.00,181010.00,15.29
1105,ZIPS,6705 WESTWORTH BLVD,FORT WORTH,76114-4021,,2025,116552.00,117080.00,-0.45
1107,Pirates Cove,110 Mollie Drive,Goldsboro,27534,,2025,92513.00,80302.00,15.21
1108,TIDAL WAVE,1310 S HOUSTON LK RD,KATHLEEN,31047-2205,,2025,211731.00,224477.00,-5.68
1109,Planet Oil,6380 Sashabaw Rd,Clarkston,48346,,2025,134358.00,109882.00,22.27
1110,Platinum Auto Spa,2303 6th Ave SE,Aberdeen,57401,,2025,130633.00,132236.00,-1.21
1112,Precision Express Car Wash,2106 S Main St,Lindale,75771,,2025,61062.00,64601.00,-5.48
1113,Prestige Auto  Spa,15180 Biscayne Blvd,North Miami Beach,33160,,2025,86008.00,87523.00,-1.73
1114,Prestige Car Wash,10004 Brownsboro Rd,Louisville,40241,,2025,193008.00,199954.00,-3.47
1115,Presto Conyers Car Wash,1356 GA-138,Conyers,30013,,2025,80740.00,76221.00,5.93
1119,CALIBER CAPITAL,9521 CLIFFORD ST,FORT WORTH,76108-4404,,2025,169288.00,194787.00,-13.09
1120,Pure Car Wash,330 Anna Dr,McComb,39648,,2025,136748.00,137426.00,-0.49
1121,PV Car Wash,12621 N Paradise Village Pkwy W,Phoenix,85032,,2025,29943.00,30320.00,-1.24
1123,Quick Jet Car Wash,1217 Dolly Parton Pkwy,Sevierville,37862,,2025,118749.00,116138.00,2.25
1124,Quick n Clean,470 E Kenosha St,Broken Arrow,74012,,2025,98792.00,89639.00,10.21
1126,SPEEDWAY,718 JOLIET ST,DYER,46311-1720,,2025,278326.00,269496.00,3.28
1129,BIG DANS,7925 SENOIA RD,FAIRBURN,30213,,2025,198335.00,207734.00,-4.52
1131,Radiant Express Car Wash,925 Cypress Pkwy,Kissimmee,34759,,2025,162214.00,178370.00,-9.06
1133,ZIPS,8300 S WESTERN AVE,OKLAHOMA CITY,73139-9214,,2025,36530.00,58491.00,-37.55
1134,Radiant Express Car Wash,4230 Land O' Lakes Blvd,Land O' Lakes,34639,,2025,129976.00,135623.00,-4.16
1135,Radiant Express Car Wash,7575 Gall Blvd,Zephyrhills,33541,,2025,123410.00,126521.00,-2.46
1137,Radiant Express Car Wash,7104 Mariner Blvd,Spring Hill,34609,,2025,100703.00,109164.00,-7.75
1139,Radiant Express Car Wash,6576 US Hwy 41,Apollo Beach,33572,,2025,187632.00,201812.00,-7.03
1140,SPEEDWAY,1895 STRINGTOWN RD,GROVE CITY,43123-2921,,2025,187747.00,202972.00,-7.50
1141,TIDAL WAVE,111 N SIDE CIR,SHELBYVILLE,37160-2374,,2025,126806.00,120177.00,5.52
1147,ZIPS,2971 ALAFAYA TRL,OVIEDO,32765-9493,,2025,17546.00,24062.00,-27.08
1150,TIDAL WAVE,1492 FORDING IS RD,BLUFFTON,29910-6510,,2025,133632.00,116325.00,14.88
1151,Rinse My Ride,515 E Union Hills Dr,Phoenix,85024,,2025,143247.00,154564.00,-7.32
1153,Riptide,3639 Durham-Chapel Hill Blvd,Durham,27707,,2025,294536.00,246528.00,19.47
1155,Riptide,3711 E Franklin Blvd,Gastonia,28056,,2025,314140.00,265542.00,18.30
1160,Riptide,1101 N Bragg Blvd,Spring Lake,28390,,2025,138291.00,108802.00,27.10
1161,Riptide,3025 Mechanicsville Turnpike,Richmond,23223,,2025,141304.00,114085.00,23.86
1162,Riptide,13150 Falls of Neuse Rd,Raleigh,27614,,2025,159262.00,129829.00,22.67
1167,Riptide,3335 Victory Blvd,Portsmouth,23701,,2025,128540.00,108970.00,17.96
1169,Riptide,1001 Dallas Cherryville Hwy,Dallas,28034,,2025,150964.00,115735.00,30.44
1172,Riverhead Toyota Car Wash,1655 County Rd 58,Riverhead,11901,,2025,10217.00,10460.00,-2.32
1173,Riverside,1941 W Main St,Lowell,49331,,2025,172363.00,177841.00,-3.08
1174,Riverside,1370 S State Rd,Ionia,48846,,2025,50152.00,47326.00,5.97
1175,Riverside,617 N Mitchell St,Cadillac,49601,,2025,105301.00,127554.00,-17.45
1176,Road Runner Express,101 Market Center Way,Daleville,24083,,2025,241179.00,216280.00,11.51
1178,Road Runner Express,7816 Timberlake Rd,Lynchburg,24502,,2025,111023.00,82412.00,34.72
1179,Roadrunner,5275 S Moorland Rd,New Berlin,53151,,2025,123619.00,135779.00,-8.96
1180,SOAPY JOES,1980 OCEANSIDE BLVD,OCEANSIDE,92054-4424,,2025,299165.00,303555.00,-1.45
1181,Roadrunner,811 S Rochester St,Mukwonago,53149,,2025,121111.00,103544.00,16.97
1182,Rock & Roll Car Wash,8320 W Judge Perez Dr,Chalmette,70043,,2025,106972.00,103423.00,3.43
1185,Rock N Roll Express Car Wash,1615 SE Decker Ave,Stuart,34994,,2025,85798.00,99002.00,-13.34
1186,Rockaway Auto Bath,115-05 BEACH CHANNEL DR,ROCKAWAY PARK,11694,,2025,40321.00,41335.00,-2.45
1187,Rocket Wash,694 Braves Blvd NE,Rome,30161,,2025,110347.00,98011.00,12.59
1188,HY-VEE GAS,5421 W WAR MEMORIAL DR,PEORIA,61615-9206,,2025,12162.00,14950.00,-18.65
1189,Rocket Wash 2,1846 US-421,Wilkesboro,28697,,2025,240774.00,230451.00,4.48
1190,FAST EDDIES CAR WASH,900 E BROOMFIELD ST,MOUNT PLEASANT,48858-4467,,2025,99285.00,108672.00,-8.64
1193,Rocket Wash 2,211 Fieldale Rd,Mebane,27302,,2025,236347.00,218283.00,8.28
1194,ZIPS,1031 MARTIN LUTHER KING JR PKWY,DURHAM,27713,,2025,125408.00,112876.00,11.10
1195,TIDAL WAVE,4089 FT CAMPBELL BLVD,HOPKINSVILLE,42240-4962,,2025,80872.00,62470.00,29.46
1196,Rocket Wash 2,1207 M.L.K. Jr Blvd,Chapel Hill,27514,,2025,67269.00,55688.00,20.80
1197,Rocket Wash 2,3985 US-421,Wilkesboro,28697,,2025,196277.00,171859.00,14.21
1198,Rocks Edge,116 Carmel Dr,King,27021,,2025,265706.00,253660.00,4.75
1199,Rogue Car Wash,819 SE Mill St,Grants Pass,97526,,2025,351101.00,330642.00,6.19
1200,Rolling Thunder,800 E Main St,Palmyra,17078,,2025,132843.00,116932.00,13.61
1202,Route 66 Car Wash,1650 W Holt Ave,Pomona,91768,,2025,141212.00,145199.00,-2.75
1203,RACEWAY CARWASH,1952 S GILBERT RD,MESA,85204-6808,,2025,189847.00,180548.00,5.15
1204,Rub A Dub,707 Taugenbaugh Blvd,Rifle,81650,,2025,101941.00,90457.00,12.70
1205,TIDAL WAVE,1230 HUNTSVILLE HWY,FAYETTEVILLE,37334-3618,,2025,68651.00,63346.00,8.37
1206,Russell Speeders Avon,265 W Main St,Avon,06001,,2025,25.00,55.00,-54.55
1207,San Diego Car Care Costa Verde,16757 Bernardo Center Dr,San Diego,92128,,2025,21138.00,21046.00,0.44
1208,San Diego Car Care Costa Verde,8505 Costa Verde Blvd,San Diego,92122,,2025,28815.00,32649.00,-11.74
1209,San Diego Car Care Costa Verde,11030 Rancho Carmel Dr,San Diego,92128,,2025,9342.00,10568.00,-11.60
1210,San Diego Car Care Costa Verde,12889 El Camino Real,San Diego,92130,,2025,5457.00,4745.00,15.01
1212,Saratoga Honda,3402 US-9,Saratoga Springs,12866,,2025,35534.00,29369.00,20.99
1213,SasqWash,4603 Churn Creek Rd,Redding,96002,,2025,95516.00,91360.00,4.55
1214,Scarborough Car Wash,1448 FM 66,Waxahachie,75165,,2025,94646.00,76779.00,23.27
1216,RACEWAY CARWASH,7460 CHERRY AVE,FONTANA,92336-4220,,2025,239018.00,224411.00,6.51
1218,Scrubbles STL,3300 Mid Rivers Mall Dr,St. Peters,63376,,2025,177148.00,178532.00,-0.78
1219,Scrubbles STL,1125 Cave Springs Blvd,St. Peters,63376,,2025,104126.00,79002.00,31.80
1223,Scrubbles STL,297 Salt Lick Rd,St. Peters,63376,,2025,368259.00,359288.00,2.50
1224,Seaford Car Wash,3470 Merrick Rd,Seaford,11783,,2025,40294.00,42056.00,-4.19
1225,Seaway Car Wash,1341 Shelburne Rd,South Burlington,05403,,2025,240329.00,250797.00,-4.17
1226,Seaway Car Wash,1341 Shelburne Rd,South Burlington,05403,,2025,23946.00,24933.00,-3.96
1227,Seaway Car Wash,142 Heineberg Drive,Colchester,05446,,2025,45396.00,39258.00,15.64
1228,Secaucus Car Wash,200 Flanagan Way,Secaucus,07094,,2025,38307.00,38518.00,-0.55
1232,TIDAL WAVE,3745 BATTLEGROUND AVE,GREENSBORO,27410-2345,,2025,138744.00,128110.00,8.30
1234,HURRICANE EXPRESS WASH,5575 HIXSON PIKE,HIXSON,37343-3240,,2025,28763.00,34287.00,-16.11
1237,TIDAL WAVE,4054 FALCON LNDG BLVD,KATY,77494,,2025,99470.00,104032.00,-4.39
1239,CALIBER CAPITAL,4865 FLOYD RD SW,MABLETON,30126-1323,,2025,71442.00,70494.00,1.34
1240,Slash 77 Car Wash,1925 Silver City Hwy NW,Deming,88030,,2025,70990.00,71684.00,-0.97
1241,Slim Olson Car Wash,2301 S Main St,Bountiful,84010,,2025,22393.00,23793.00,-5.88
1243,Snap Clean,619 E Belt Line Rd,Cedar Hill,75104,,2025,164576.00,155902.00,5.56
1244,Snap Clean,1060 W Kiest Blvd,Dallas,75224,,2025,161959.00,156824.00,3.27
1245,SOAPY JOES,1300 E VLY PKWY,ESCONDIDO,92027-2320,,2025,271589.00,246836.00,10.03
1247,Snap Clean,110 N Elm Street,Ennis,75119,,2025,109342.00,118676.00,-7.87
1249,ZIPS,3805 WARDS RD,LYNCHBURG,24502-2967,,2025,156756.00,159211.00,-1.54
1250,Snappy Car Wash,4510 Winkler Ave,Fort Myers,33913,,2025,104067.00,94488.00,10.14
1251,Snappy Car Wash,3150 S Cicero Ave,Cicero,60804,,2025,26554.00,24999.00,6.22
1252,Snappy Kedzie Express Wash,3549 S Kedzie Ave,Chicago,60632,,2025,141626.00,128240.00,10.44
1253,Soak,420-440 Craigieburn rd,craigieburn,3064,,2025,192491.00,168493.00,14.24
1254,HURRICANE EXPRESS WASH,5062 HUNTER RD,OOLTEWAH,37363-8338,,2025,120822.00,133450.00,-9.46
1255,ZIPS,1688 N MAIN ST,CROSSVILLE,38555-5423,,2025,135878.00,140081.00,-3.00
1257,TIDAL WAVE,530 BULLSBORO DR,NEWNAN,30265-1043,,2025,223462.00,213545.00,4.64
1258,Soapatopia,200 W Amaranth Ln,Lincoln,68523,,2025,29949.00,20541.00,45.80
1259,Soapatopia,6930 S. 73rd Street,Lincoln,68516,,2025,44057.00,36353.00,21.19
1260,Soapies,300 E Marshall Ave,Longview,75601,,2025,29936.00,16462.00,81.85
1263,Soapy Saddles,3198 Hamner Ave,Norco,92860,,2025,135223.00,154343.00,-12.39
1266,Soapy Shark,2200 Okeechobee Blvd,West Palm Beach,33409,,2025,129827.00,134698.00,-3.62
1267,Soggy Dog Car Wash,714 Ritter Dr,Glen Morgan,25813,,2025,26809.00,30691.00,-12.65
1268,Solar City,1210 Pioneer Rd,Mesquite,75149,,2025,57090.00,65664.00,-13.06
1269,Some Guys Car Wash,1287 Deer Park Ave,North Babylon,11703,,2025,20522.00,24974.00,-17.83
1270,Sonic Suds,2426 Laurens Rd,Greenville,29607,,2025,184538.00,174628.00,5.67
1271,Sonic Suds,2836 Woodruff Rd,Simpsonville,29681,,2025,297935.00,265549.00,12.20
1272,Sonic Suds,703 SE Main St,Simpsonville,29681,,2025,163974.00,152180.00,7.75
1273,Sonoran Express Car Wash,1523 E Southern Ave,Phoenix,85042,,2025,164006.00,167699.00,-2.20
1274,Sonoran Express Car Wash,16843 N 43rd Ave,Phoenix,85053,,2025,67897.00,81635.00,-16.83
1284,ZIPS,2119 N HWY 81,ANDERSON,29621-1531,,2025,107966.00,113528.00,-4.90
1285,TIDAL WAVE,6501 JOHNSON DR,MISSION,66202-2616,,2025,152707.00,134365.00,13.65
1286,Sparta Car Wash,519 Lafayette Rd,Sparta Township,07871,,2025,15218.00,17085.00,-10.93
1287,Speedy Falcon Car Wash,11230 Strang Line Rd,Lenexa,66215,,2025,33428.00,32861.00,1.73
1288,Speedy Falcon Car Wash,10150 Walker St,Lenexa,66220,,2025,122149.00,122350.00,-0.16
1289,TIDAL WAVE,1121 US HWY 19,HOLIDAY,34691-5638,,2025,58516.00,58756.00,-0.41
1291,SUMMIT WASH HOLDINGS,35379 US HWY 27,HAINES CITY,33844,,2025,76379.00,84969.00,-10.11
1292,ZIPS,3210 OLD FRST RD,LYNCHBURG,24501-2326,,2025,218688.00,191231.00,14.36
1293,ZIPS,2109 PYRAMIDS VLG BLVD,GREENSBORO,27407,,2025,208255.00,208828.00,-0.27
1295,SHINY SHELL,4400 OKEECHOBEE RD,FORT PIERCE,34947-5408,,2025,54086.00,75648.00,-28.50
1300,TIDAL WAVE,764 S JEFFERSON AVE,COOKEVILLE,38501-4014,,2025,103332.00,82122.00,25.83
1301,TIDAL WAVE,4425 LEXINGTON RD,ATHENS,30605,,2025,94901.00,88915.00,6.73
1303,ZIPS,1122 BLUE LKS BLVD N,TWIN FALLS,83301-3305,,2025,253424.00,289283.00,-12.40
1305,ZIPS,592 E EMORY RD,POWELL,37849-3519,,2025,60155.00,70272.00,-14.40
1307,TIDAL WAVE,42 HWY 81 W,MCDONOUGH,30253-6401,,2025,177386.00,188312.00,-5.80
1308,TIDAL WAVE,8021 PANAMA CITY BCH PKWY,PANAMA CITY BEACH,32407-4858,,2025,52738.00,58769.00,-10.26
1314,ZIPS,7323 NW EXPWY,OKLAHOMA CITY,73132-1546,,2025,6687.00,13937.00,-52.02
1315,Splash Hopper Express Wash,863 Western Bypass,Andalusia,36420,,2025,81037.00,82121.00,-1.32
1316,ZIPS,2601 OLD MUEGGE RD,SAINT CHARLES,63303-3009,,2025,5347.00,8171.00,-34.56
1317,ZIPS,7361 GLORY RD,BAXTER,56425,,2025,126267.00,110756.72,14.00
1319,ZIPS,9740 MIDDLEBROOK PIKE,KNOXVILLE,37931-4635,,2025,48225.00,53645.00,-10.10
1321,Squeaky Clean Car Wash 2,3931 Cerrillos Rd,Santa Fe,87507,,2025,29651.00,25300.00,17.20
1323,SOAPY JOES,16998 W BERNARDO DR,SAN DIEGO,92127-1606,,2025,359480.00,343923.00,4.52
1324,SOAPY JOES,3048 BONITA RD,CHULA VISTA,91910-3201,,2025,447414.00,442674.00,1.07
1326,State Street Auto Wash,5232 N U.S. 23,Oscoda,48750,,2025,66517.00,61993.00,7.30
1327,Staten Island Auto Bath Inc,1531 ARTHUR KILL RD,STATEN ISLAND,10312,,2025,55201.00,44690.00,23.52
1329,TIDAL WAVE,120 FRONT ROYAL PIKE,WINCHESTER,22602-7312,,2025,116202.00,127691.00,-9.00
1330,Stevens Creek Xpress,3655 Stevens Creek Blvd,Santa Clara,95051,,2025,344533.00,285641.00,20.62
1331,StoneWash Car Care Center,818 Paris Rd,Mayfield,42066,,2025,85245.00,81344.00,4.80
1333,ZIPS,625 W LK ST,ADDISON,60101-2292,,2025,401100.00,376647.00,6.49
1340,WASH FACTORY,7130 MCGINNIS FRY RD,SUWANEE,30024,,2025,53441.00,49509.00,7.94
1342,GATE EXPRESS,450 PARK ST,JACKSONVILLE,32204-2929,,2025,18734.00,16179.00,15.79
1348,Suds Bucket Car Wash,615 landmark Point Blvd. Suite B,Gray,31032,,2025,157769.00,126908.00,24.32
1350,Suds Deluxe,2991 FM 1460,Georgetown,78626,,2025,203878.00,226162.00,-9.85
1351,FAST EDDIES CAR WASH,6500 W PIERSON RD,FLUSHING,48433-3128,,2025,134361.00,120635.00,11.38
1352,TIDAL WAVE,902 18TH AVE NW,AUSTIN,55912,,2025,85069.00,78365.94,8.55
1353,Suds Deluxe,18810 IH 35,Kyle,78640,,2025,333379.00,349168.00,-4.52
1354,ZIPS,3450 W KENOSHA ST,BROKEN ARROW,74012,,2025,182208.00,214155.00,-14.92
1356,Suds Deluxe,233 Wonder World Dr,San Marcos,78666,,2025,180989.00,206793.00,-12.48
1357,Suds Deluxe,3327 Spencer Hwy,Pasadena,77504,,2025,132441.00,157641.00,-15.99
1358,Suds Deluxe,24624 Kuykendahl Rd,Tomball,77375,,2025,122725.00,141567.00,-13.31
1359,Suds Deluxe,12119 Murphy Rd,Stafford,77477,,2025,128371.00,134650.00,-4.66
1360,TIME TO SHINE,539 SAINT JAMES AVE,GOOSE CREEK,29445-2794,,2025,139344.00,139290.00,0.04
1361,ZIPS,420 NEAL ST,COOKEVILLE,38501-4027,,2025,39504.00,39957.00,-1.13
1363,Sun Splash,914 N Stratford Rd,Moses Lake,98837,,2025,188690.00,196331.00,-3.89
1364,Sunny Daze Car Wash,609 N Mayo Trl,Paintsville,41240,,2025,81318.00,68978.00,17.89
1365,Sunrise Car Wash,1820 Sunrise Hwy,Merrick,11566,,2025,37445.00,42242.00,-11.36
1366,Sunset CW,1204 E Sunset Dr,Bellingham,98226,,2025,72726.00,77244.00,-5.85
1369,ZIPS,593 INTERNATIONAL DR,MYRTLE BEACH,29579-3506,,2025,169646.00,181693.00,-6.63
1370,TIDAL WAVE,6702 N NAVARRO ST,VICTORIA,77904-1514,,2025,162224.00,180329.00,-10.04
1372,Super Duck,14533 US-231,Hazel Green,35750,,2025,115745.00,114781.00,0.84
1373,Super Duck,8392 Hwy 72 W,Madison,35757,,2025,206715.00,204580.00,1.04
1375,Super Scrub Car Wash,4405 Pacific Ave,Stockton,95207,,2025,56865.00,50100.00,13.50
1378,Super Splash Carwash,400 S Preston Rd,Prosper,75078,,2025,266122.00,316208.00,-15.84
1379,BIG DANS,289 RIDGEWALK PKWY,WOODSTOCK,30188,,2025,154346.00,144136.00,7.08
1380,Super Spray,1581 S Muskogee Ave,Tahlequah,74464,,2025,24553.00,24085.00,1.94
1381,Super Suds,2563 Panola Rd,Lithonia,30058,,2025,333410.00,314743.00,5.93
1382,Superfine Auto Spa,21011 Pioneer Blvd,Lakewood,90715,,2025,16568.00,23228.00,-28.67
1383,Superior Almeda Car Wash,10126 Almeda Genoa Rd,Houston,77075,,2025,50212.00,54626.00,-8.08
1384,TIDAL WAVE,240 N DIXIE BLVD,RADCLIFF,40160-1304,,2025,144627.00,152986.00,-5.46
1385,Superior Fry Car Wash,2205 Fry Rd,Katy,77449,,2025,30620.00,34480.00,-11.19
1386,TIDAL WAVE,6163 JONESBORO RD,MORROW,30260-1149,,2025,188742.00,182396.00,3.48
1387,Superior Mermaid Carwash,1750 NORTH PARK DRIVE,KINGWOOD,77339,,2025,16072.00,20792.00,-22.70
1388,Superior Shine Car Wash,28100 Harper Ave,St. Clair Shores,48081,,2025,137440.00,136258.00,0.87
1389,Superior Texas Car Wash,7920 Hwy 6,Houston,77083,,2025,33978.00,37985.00,-10.55
1390,Superior Tomball Carwash,27840 Tomball Pkwy,Tomball,77375,,2025,49756.00,51300.00,-3.01
1395,Texas Car Wash,15 Texas Ave,Island Park,11558,,2025,88677.00,96986.00,-8.57
1397,The Auto Spa,2002 W Main St,Durant,74701,,2025,57462.00,63485.00,-9.49
1398,The Auto Spa,3212 University Blvd,Durant,74701,,2025,129137.00,117126.00,10.25
1399,RACEWAY CARWASH,3520 MAIN ST,FRISCO,75033-4423,,2025,162244.00,164407.00,-1.32
1403,HURRICANE EXPRESS WASH,1550 PULASKI HWY,EDGEWOOD,21040-1507,,2025,101431.00,113316.00,-10.49
1404,The Washery,127 Airport Rd,Hazleton,18202,,2025,87351.00,82719.00,5.60
1409,QUICK N CLEAN,1644 AQUARENA SPGS DR,SAN MARCOS,78666,,2025,147047.00,51312.00,186.57
1410,ZIPS,6810 GOODMAN RD,OLIVE BRANCH,38654-7041,,2025,17307.00,30568.00,-43.38
1413,TIME TO SHINE,107 THOMASON BLVD,GOOSE CREEK,29445-2945,,2025,190372.00,204921.00,-7.10
1414,ZIPS,3401 WILKINSON BLVD,CHARLOTTE,28208-5633,,2025,119961.00,120973.00,-0.84
1419,ZIPS,6317 STADIUM DR,CLEMMONS,27012,,2025,158704.00,144593.00,9.76
1423,SPEEDWAY,204 ROANOKE ST,CHRISTIANSBURG,24073-3026,,2025,204.00,562.00,-63.70
1424,FAST EDDIES CAR WASH,8540 MILLER RD,SWARTZ CREEK,48473-1250,,2025,81383.00,74207.00,9.67
1425,ZIPS,700 N WEBB RD,WICHITA,67206-1806,,2025,20571.00,30293.00,-32.09
1433,SOAPY JOES,816 N 2ND ST,EL CAJON,92021-5803,,2025,299614.00,284022.00,5.49
1435,TIDAL WAVE,4976 HWY 90,MILTON,32571-1413,,2025,101836.00,104960.00,-2.98
1439,W4 EXPRESS,2100 RIO HL CTR,CHARLOTTESVILLE,22901-1151,,2025,64548.00,72665.00,-11.17
1441,DRIVEN BRANDS,100 CRESCENTCOMMONS DR,CARY,27518-2601,,2025,27056.00,18894.00,43.20
1442,TIDAL WAVE,1501 S IRBY ST,FLORENCE,29505-3409,,2025,209776.00,214109.00,-2.02
1445,TLC Car Wash,2925 Williamson Rd,Roanoke,24012,,2025,15671.00,16556.00,-5.35
1446,RACEWAY CARWASH,4426 W 1ST ST,SANTA ANA,92703-4017,,2025,187933.00,183159.00,2.61
1448,Top Wash,5784 Peachtree Industrial Blvd,Atlanta,30341,,2025,230690.00,234572.00,-1.65
1449,SPEEDWAY,1295 E 2ND ST,FRANKLIN,45005-1937,,2025,183242.00,184914.00,-0.90
1450,TIDAL WAVE,690 HWY 31 NW,HARTSELLE,35640-4409,,2025,395372.00,380148.00,4.00
1451,Total Package Car Wash,713 NE 13th Ave,Cape Coral,33909,,2025,155040.00,143431.00,8.09
1452,Touch & Go Car Wash,847 Brookway Blvd,Brookhaven,39601,,2025,234971.00,236980.00,-0.85
1454,CALIBER CAPITAL,4415 N GALLOWAY AVE,MESQUITE,75150-4220,,2025,263000.00,288081.00,-8.71
1455,Tru Car Wash,4523 Nine Mile Rd,Richmond,23223,,2025,75848.00,76731.00,-1.15
1456,True Clean,29002 Crossroads Ln,Evergreen,80439,,2025,157662.00,137222.00,14.90
1457,TruShine,1912 TN-394,Blountville,37617,,2025,270623.00,236285.00,14.53
1458,TruShine,203 Linden Square Dr,Bristol,24202,,2025,71235.00,67443.00,5.62
1459,TruShine,25017 Western Loop,Abingdon,24211,,2025,98054.00,98048.00,0.01
1460,TruShine,2227 Fort Henry Dr,Kingsport,37664,,2025,100521.00,81938.00,22.68
1462,TruShine,116 Allensville Rd,Sevierville,37876,,2025,202919.00,197107.00,2.95
1463,TruShine,3033 Boones Creek Rd,Johnson City,37615,,2025,138939.00,122017.00,13.87
1465,SPEEDWAY,10061 SHEFFIELD AVE,DYER,46311-2939,,2025,16677.00,16121.00,3.45
1466,ZIPS,3000 BRECKENRIDGE LN,LOUISVILLE,40220-2130,,2025,72107.00,64101.00,12.49
1467,RACEWAY CARWASH,720 NICHOLS BLVD,SPARKS,89434-6820,,2025,265413.00,201225.00,31.90
1468,SOAPY JOES,5322 JACKSON DR,LA MESA,91942-3038,,2025,335678.00,324779.00,3.36
1470,ZIPS,4590 S HURSTBOURNE PKWY,LOUISVILLE,40299-7386,,2025,208987.00,176928.00,18.12
1471,TIDAL WAVE,3205 INNER PERIMETER RD,VALDOSTA,31602-1065,,2025,67316.00,63241.00,6.44
1473,FAST EDDIES CAR WASH,400 W VIENNA ST,CLIO,48420-1308,,2025,133673.00,144835.00,-7.71
1477,Tsunami Car Wash,140 W Puetz Rd,Oak Creek,53154,,2025,289032.00,196876.00,46.81
1478,Tsunami Car Wash,821 Pine Lake Ave,La Porte,46350,,2025,320652.00,250604.00,27.95
1480,ZIPS,2727 N HWY 17,MOUNT PLEASANT,29466-8914,,2025,24675.00,36036.00,-31.53
1481,ZIPS,3616 N MAIN ST,ROSWELL,88201-9802,,2025,42352.00,49026.00,-13.61
1482,Tsunami Car Wash,3251 Grant St,Gary,46408,,2025,299389.00,212301.00,41.02
1483,Tsunami Car Wash,5520 W Layton Ave,Greenfield,53220,,2025,297548.00,218406.00,36.24
1485,Tsunami Car Wash,3105 Willowcreek Rd,Portage,46368,,2025,349078.00,286003.00,22.05
1487,Turnpike Car Wash,217 W Jericho Turnpike,Huntington Station,11746,,2025,59210.00,56365.00,5.05
1489,Twins,2240 N Courtenay Pkwy,Merritt Island,32953,,2025,169746.00,186733.00,-9.10
1490,U S Car Wash,845 N Adair St,Cornelius,97113,,2025,16585.00,15180.00,9.26
1491,CALIBER CAPITAL,596 FIELDSTOWN RD,GARDENDALE,35071-3437,,2025,118408.00,119875.00,-1.22
1492,CALIBER CAPITAL,100 HUDDLESTON RD,PEACHTREE CITY,30269-1653,,2025,60234.00,55226.00,9.07
1494,SOAPY JOES,4282 CAM DEL RIO N,SAN DIEGO,92108-2610,,2025,393550.00,396359.00,-0.71
1495,V Express Car Wash,479 Lexington Rd,Versailles,40383,,2025,19591.00,16589.00,18.10
1497,ZIPS,1101 S MAIN ST,ROSWELL,88203-5614,,2025,51873.00,61910.00,-16.21
1498,SUN MOTOR IMPORTS,6691 CARLISLE PIKE,MECHANICSBURG,17050-1707,,2025,5840.00,2916.00,100.27
1499,Valvoline Express Care,6455 Prutzman Rd,Beaumont,77706,,2025,7009.00,9384.00,-25.31
1500,RACEWAY CARWASH,4130 E CESAR CHAVEZ BLVD,FRESNO,93702-3504,,2025,276731.00,269327.00,2.75
1501,Venice Car Wash,700 S Tamiami Trail,Venice,34285,,2025,12275.00,13763.00,-10.81
1503,Vibe Car Wash,801 Spring Creek Pkwy,Plano,75023,,2025,243773.00,221985.00,9.82
1506,Vics Car Wash,449 N Bolingbrook Dr,Bolingbrook,60440,,2025,66771.00,62861.00,6.22
1507,RACEWAY CARWASH,2331 KIETZKE LN,RENO,89502-3648,,2025,86181.00,83044.00,3.78
1508,Village Car Wash,1050 W Beta St,Green Valley,85614,,2025,67937.00,72075.00,-5.74
1509,TIDAL WAVE,1403 N SANDHILLS BLVD,ABERDEEN,28315-2301,,2025,234024.00,226738.00,3.21
1511,SPEEDWAY,10880 RANDOLPH ST,CROWN POINT,46307-9406,,2025,14943.00,12744.00,17.26
1513,Vortex Car Wash,150 Jonathans Way,Suffolk,23434,,2025,117340.00,110006.00,6.67
1514,SPEEDWAY,10011 US 30,WANATAH,46390,,2025,4260.00,3790.00,12.40
1515,ZIPS,1036 TYVOLA RD,CHARLOTTE,28217-3514,,2025,117153.00,124266.00,-5.72
1517,Wash 37135,118 Henslee Dr,Dickson,37055,,2025,231203.00,217626.00,6.24
1518,Wash 37135,912 Oldham Dr,Nolensville,37135,,2025,182889.00,171905.00,6.39
1519,TIDAL WAVE,3274 DAUPHIN ST,MOBILE,36606-4002,,2025,118732.00,131602.00,-9.78
1521,Wash Ashore Carwash,2304 State Rd,Plymouth,02360,,2025,97143.00,96268.00,0.91
1526,CALIBER CAPITAL,3950 S COLLINS ST,ARLINGTON,76014,,2025,102457.00,134655.00,-23.91
1527,FAST EDDIES CAR WASH,1161 N LEROY ST,FENTON,48430-2757,,2025,156980.00,168183.00,-6.66
1529,Wash Industries,9915 Bustleton Ave,Philadelphia,19115,,2025,90898.00,102493.00,-11.31
1530,Wash Industries,4601 Chestnut St,Philadelphia,19139,,2025,58877.00,69122.00,-14.82
1531,Wash Industries,5801 Wayne Ave,Philadelphia,19144,,2025,140628.00,168822.00,-16.70
1532,Wash Industries,6025 Lancaster Ave,Philadelphia,19151,,2025,89750.00,93622.00,-4.14
1533,RISING TIDE CAR WASH,10340 ROYAL PALM BLVD,CORAL SPRINGS,33065,,2025,256252.00,244302.00,4.89
1534,Wash Industries,1309 West Chester Pike,West Chester,19382,,2025,50766.00,55083.00,-7.84
1535,Wash Industries,1400 S Broad St,Philadelphia,19146,,2025,125747.00,144248.00,-12.83
1536,Wash Industries,6135 N Broad St,Philadelphia,19141,,2025,116033.00,113948.00,1.83
1537,Wash Industries,2622 N Broad St,Philadelphia,19132,,2025,116198.00,114618.00,1.38
1538,Wash Industries,6319 W Passyunk Ave,Philadelphia,19153,,2025,149003.00,221535.00,-32.74
1542,RACEWAY CARWASH,9510 S MCCARRAN BLVD,RENO,89523,,2025,157106.00,160759.00,-2.27
1547,Wash N Roll,6303 Charlotte Pike,Nashville,37209,,2025,127535.00,140472.00,-9.21
1548,Wash N Roll,24925 US-72,Athens,35613,,2025,46472.00,58232.00,-20.20
1549,Wash N Roll,2640 8th Ave S,Nashville,37204,,2025,247371.00,240160.00,3.00
1550,Wash N Roll,5307 Cane Ridge Rd,Nashville,37013,,2025,123515.00,109855.00,12.43
1551,Wash N Roll,7128 Hwy 70 S,Nashville,37221,,2025,222092.00,225056.00,-1.32
1552,SOAPY JOES,1350 PALM AVE,SAN DIEGO,92154-1005,,2025,444866.00,418251.00,6.36
1553,ZIPS,12425 N PENNSYLVANIA AVE,OKLAHOMA CITY,73120-9452,,2025,22661.00,30229.00,-25.04
1554,Wash Rite,1101 Division Street,Parkersburg,26101,,2025,181519.00,178084.00,1.93
1555,Wash Rite,151 Cadiz Rd,Wintersville,43953,,2025,189158.00,205044.00,-7.75
1556,Wash Rite,2521 Murdoch Ave,Parkersburg,26101,,2025,180699.00,167614.00,7.81
1557,Wash Rite,2504 Grand Central Ave,Vienna,26105,,2025,143849.00,132140.00,8.86
1560,Wash Rite,75 Teletech Dr,Moundsville,26041,,2025,232004.00,202272.00,14.70
1562,ZIPS,3910 OXFORD STA WAY,WINSTON SALEM,27103-1370,,2025,77910.00,72727.00,7.13
1564,Wash Rite,107 Crooked Run Ln,Marietta,45750,,2025,226852.00,221115.00,2.59
1565,Wash Rite,910 W Main St,Bridgeport,26330,,2025,200277.00,204285.00,-1.96
1569,DIRTY DOGS CAR WASH,1826 US HWY 78 E,OXFORD,36203-2018,,2025,101758.00,101221.00,0.53
1571,ZIPS,11816 BANDERA RD,HELOTES,78023-4132,,2025,88252.00,110231.00,-19.94
1574,ZIPS,2576 RICHMOND RD,LEXINGTON,40509-1527,,2025,83192.00,97348.00,-14.54
1575,TIDAL WAVE,1185 RESEARCH CTR DR SW,ATLANTA,30331,,2025,122367.00,123073.00,-0.57
1578,CALIBER CAPITAL,1755 SCUFFLEGRIT RD,MARIETTA,30062-1937,,2025,82689.00,82093.00,0.73
1579,Wash Up,1224 E Ridge Rd,Griffith,46319,,2025,57613.00,43776.00,31.61
1580,TIDAL WAVE,11902 W DODGE RD,OMAHA,68154-2477,,2025,168129.00,164464.00,2.23
1581,Wash Up,460 Morthland Dr,Valparaiso,46383,,2025,59626.00,53623.00,11.19
1582,Wash Up,6259 Melton Rd,Portage,46368,,2025,48860.00,50988.00,-4.17
1584,ZIPS,135 SE 29TH ST,GRAND RAPIDS,55744-4073,,2025,197997.00,206750.60,-4.23
1585,TIDAL WAVE,4207 13TH AVE S,FARGO,58103-3307,,2025,229460.00,241193.00,-4.86
1586,Washbox Car Wash,180 W Grand Ave,Rainbow City,35906,,2025,186272.00,175185.00,6.33
1587,Washworks Express,601 E King Ave,Kingsville,78363,,2025,28134.00,32834.00,-14.31
1588,CAR WASH OPERATIONS,725 W BROADWAY ST,IDAHO FALLS,83402-3358,,2025,27175.00,33112.00,-17.93
1589,Waters Car Wash,2375 S Kanner Hwy,Stuart,34994,,2025,411198.00,395721.00,3.91
1592,RACEWAY CARWASH,1530 W PLEASANT RUN RD,LANCASTER,75146-1214,,2025,121945.00,126631.00,-3.70
1593,ZIPS,2585 LOGANVILLE HWY,GRAYSON,30017-1616,,2025,107949.00,111842.00,-3.48
1594,Waters Car Wash,2755 10th Ave N,Palm Springs,33461,,2025,260070.00,220380.00,18.01
1597,TIDAL WAVE,2707 WATSON BLVD,WARNER ROBINS,31093-2909,,2025,256795.00,258161.00,-0.53
1598,Waterways Car Spa,1325 Semoran Blvd,Casselberry,32707,,2025,21813.00,25852.00,-15.62
1599,Waterworks Express Car Wash,1557 Marinette Ave,Marinette,54143,,2025,124611.00,138361.00,-9.94
1600,Wave Auto Wash,451 68th St SW,Grand Rapids,49548,,2025,62778.00,46092.00,36.20
1603,ZIPS,302 COMMERCIAL DR,SAVANNAH,31406-3605,,2025,120712.00,163031.00,-25.96
1606,Wet Rabbit Express Car Wash,9021 S Tacoma Way,Lakewood,98499,,2025,173591.00,176299.00,-1.54
1607,SPEEDWAY,2735 COLUMBUS LANCASTER RD NW,LANCASTER,43130-8663,,2025,270172.00,239864.00,12.64
1608,ZIPS,2402 WAKE FRST RD,RALEIGH,27608-1710,,2025,110562.00,79034.00,39.89
1609,Wet Rabbit Express Car Wash,1219 State Ave,Marysville,98270,,2025,133346.00,124614.00,7.01
1610,WetnJet Car Wash,516 Friendship Ln,Fredericksburg,78624,,2025,693.00,1080.00,-35.83
1612,ZIPS,2073 FM 423,LITTLE ELM,75068-6602,,2025,149777.00,142206.00,5.32
1616,EASTERN SHORE TOYOTA,29732 FREDERICK BLVD,DAPHNE,36526-9584,,2025,82410.00,69329.00,18.87
1618,LUV CAR WASH,5702 OGEECHEE RD,SAVANNAH,31405-9503,,2025,100457.00,119230.00,-15.75
1620,TIDAL WAVE,3585 BRASELTON HWY,DACULA,30019-1065,,2025,405770.00,367388.00,10.45
1621,Woodies,9350 Theater Dr,Gibsonton,33534,,2025,112679.00,84245.00,33.75
1622,Woodies,111 N Tamiami Trail,Nokomis,34275,,2025,110501.00,77868.00,41.91
1623,Woodies,3401 34th St S,St. Petersburg,33711,,2025,385124.00,331679.00,16.11
1624,CALIBER CAPITAL,7032 MARKET ST,WILMINGTON,28411-9728,,2025,170571.00,125832.00,35.55
1625,Woodies,8680 N. Park Blvd,Seminole,33777,,2025,244159.00,191616.00,27.42
1626,Woodies,13825 State Road 70 E,Bradenton,34202,,2025,197173.00,115443.00,70.80
1627,ZIPS,4907 TN 58,CHATTANOOGA,37416,,2025,16257.00,26355.00,-38.32
1628,Woodies,5601 66th St N,St. Petersburg,33709,,2025,254759.00,224332.00,13.56
1629,Woodies,3011 W Gandy Blvd,Tampa,33611,,2025,368414.00,266383.00,38.30
1630,Woodies,4927 FL-674,Wimauma,33598,,2025,244138.00,179477.00,36.03
1631,Woodies,7601 Ulmerton Rd,Largo,33771,,2025,203571.00,164600.00,23.68
1632,Woodies,24749 FL-54,Lutz,33559,,2025,122551.00,107096.00,14.43
1633,BLUE WAVE EXPRESS,10345 HWY 242,CONROE,77385-4384,,2025,424543.00,360909.00,17.63
1634,Woodies,4545 W Gandy Blvd,Tampa,33611,,2025,255329.00,228191.00,11.89
1635,TIDAL WAVE,2595 US HWY 501,CONWAY,29526,,2025,301741.00,272158.00,10.87
1636,Woodies,6612 University Pkwy,Sarasota,34240,,2025,253850.00,171193.00,48.28
1637,Wow Car Wash,242 N Broad St,Winder,30680,,2025,160568.00,159029.00,0.97
1638,ZIPS,130 MARLENE DR,NICHOLASVILLE,40356-8063,,2025,190160.00,173608.00,9.53
1639,Xcell Auto Spa,3510 W Boynton Beach Blvd,Boynton Beach,33436,,2025,40523.00,26425.00,53.35
1641,Zelo Car Wash,18690 E Iliff Ave,Aurora,80013,,2025,27141.00,12901.00,110.38
1642,Zips Express Car Wash,301 Grand Hill Pl,Holly Springs,27540,,2025,118712.00,103285.00,14.94
1645,Zips Express Car Wash,13519 US-290,Austin,78737,,2025,117236.00,233320.00,-49.75
1646,Zips Express Car Wash,3601 E US Hwy 377,Granbury,76049,,2025,57797.00,61610.00,-6.19
1648,Zips Express Car Wash,160 Codella Dr,Winchester,40391,,2025,473528.00,187007.00,153.21
1649,ZIPS,10000 ABERCORN ST,SAVANNAH,31406-4561,,2025,28835.00,46069.00,-37.41
1654,Zips Express Car Wash,4860 Cane Run Rd,Louisville,40216,,2025,94566.00,59563.00,58.77
1655,Zips Express Car Wash,508 N Berkeley Blvd,Goldsboro,27534,,2025,85039.00,91439.00,-7.00
1656,Zips Express Car Wash,23685 Walton Ave,New Caney,77357,,2025,106160.00,94431.00,12.42
1657,Zips Express Car Wash,2907 Eagle Dr,Woodstock,30189,,2025,137196.00,117311.00,16.95
1663,TIDAL WAVE,8724 W DODGE RD,OMAHA,68154,,2025,48137.00,51629.00,-6.76
1664,ZIPS,91 W 141ST ST,GLENPOOL,74033-3570,,2025,33820.00,43770.00,-22.73
1665,TIDAL WAVE,1895 BALTIMORE PIKE,HANOVER,17331,,2025,118889.00,92235.00,28.90
1669,TIDAL WAVE,1085 COSBY HWY,NEWPORT,37821-7372,,2025,149938.00,124363.00,20.56
1674,SOAPY JOES,936 E MISSION RD,FALLBROOK,92028-2218,,2025,166581.00,174846.00,-4.73
1677,RACEWAY CARWASH,6623 N MILBURN AVE,FRESNO,93722-2163,,2025,116068.00,99413.00,16.75
1682,ZIPS,301 E RENDON CROWLEY RD,BURLESON,76028-7501,,2025,68480.00,91389.00,-25.07
1684,ZIPS,4453 MERAMEC BTM RD,SAINT LOUIS,63129-2143,,2025,93950.00,88027.00,6.73
1685,BLUE WAVE EXPRESS,768 FISH CRK THOROUGHFARE,MONTGOMERY,77316-6830,,2025,152593.00,124268.00,22.79
1688,SPEEDWAY,243 N BROADWAY ST,NEW PHILADELPHIA,44663-2625,,2025,7466.00,8298.00,-10.03
1697,TIDAL WAVE,252 N TYNDALL PKWY,PANAMA CITY,32404-6432,,2025,103545.00,121416.00,-14.72
1698,TIDAL WAVE,2001 MISSOURI BLVD,JEFFERSON CITY,65109,,2025,106855.00,83349.00,28.20
1704,TIDAL WAVE,1874 DECATUR PIKE,ATHENS,37303-4922,,2025,149833.00,142494.00,5.15
1705,ZIPS,7773 DIXIE HWY,LOUISVILLE,40258-1411,,2025,2799.00,5770.00,-51.49
1707,FAST EDDIES CAR WASH,6939 S CEDAR ST,LANSING,48911-6916,,2025,113885.00,127369.00,-10.59
1711,ZIPS,5506 RIVERS AVE,CHARLESTON,29406-6131,,2025,2644.00,9063.00,-70.83
1714,ZIPS,360 AIRPORT RD,ARDEN,28704,,2025,159980.00,144111.00,11.01
1716,RACEWAY CARWASH,4991 LONGLEY LN,RENO,89502-7931,,2025,174074.00,207533.00,-16.12
1724,ZIPS,5807 W RENO AVE,OKLAHOMA CITY,73127-6602,,2025,19215.00,26949.00,-28.70
1725,GATE EXPRESS,2950 RDG WAY,LAKE WALES,33859-6804,,2025,6997.00,19104.80,-63.38
1726,ZIPS,123 W JOHNSON ST,FOND DU LAC,54935-3336,,2025,2332.00,3582.00,-34.90
1728,ZIPS,6221 DENTON HWY,FORT WORTH,76148-3024,,2025,28478.00,31821.00,-10.51
1729,FAST EDDIES CAR WASH,4068 S SAGINAW ST,BURTON,48529,,2025,26166.00,27189.00,-3.76
1731,SPEEDWAY,8134 TROY PIKE,DAYTON,45424-1052,,2025,4960.00,4929.00,0.63
1732,ZIPS,886 PATTON AVE,ASHEVILLE,28806-3619,,2025,115273.00,98863.00,16.60
1733,ZIPS,1984 WHITTEN RD,MEMPHIS,38133-7074,,2025,76856.00,85651.00,-10.27
1737,SPINX COMPANY,2627 HWY 41,CHARLESTON,29492-7828,,2025,90021.00,97767.00,-7.92
1740,SPEEDWAY,6325 E LINCOLN HWY,MERRILLVILLE,46410-5948,,2025,20512.00,16869.00,21.60
1745,DIRTY DOGS CAR WASH,1585 CRATER LK DR NW,KENNESAW,30152-5003,,2025,30634.00,29994.00,2.13
1753,CALIBER CAPITAL,162 EGLIN PKWY NE,FORT WALTON BEACH,32548-4441,,2025,41753.00,36483.00,14.45
1754,TIDAL WAVE,913 US HWY 401 S,LAURINBURG,28352,,2025,174223.00,164648.00,5.82
1758,TIDAL WAVE,3209 SW COLLEGE RD,OCALA,34474,,2025,57995.00,65700.00,-11.73
1761,ZIPS,2935 MILLER PL WAY,KNOXVILLE,37924-1673,,2025,145167.00,148643.00,-2.34
1766,MAGNOLIA,110 MOLLIE DR S,GOLDSBORO,27534-9257,,2025,69841.00,63658.00,9.71
1767,ZIPS,4404 HWY 17 S,NORTH MYRTLE BEACH,29582-5255,,2025,55093.00,59321.00,-7.13
1770,ZIPS,7560 UNIVERSAL DR,BAXTER,56425-8401,,2025,88128.00,89634.89,-1.68
1771,ZIPS,4106 SHERWOOD WAY,SAN ANGELO,76901-3545,,2025,76081.00,92393.00,-17.66
1774,ZIPS,3952 PINEHURST DR,LAKE WORTH,33467-2944,,2025,78138.00,91150.00,-14.28
1775,SPEEDWAY,11141 FREMONT PIKE,PERRYSBURG,43551-3152,,2025,6973.00,6983.00,-0.14
1776,CALIBER CAPITAL,815 S PNE AVE,OCALA,34471-9804,,2025,44622.00,41572.00,7.34
1777,TIDAL WAVE,5035 NE ANTIOCH RD,KANSAS CITY,64119-3404,,2025,197147.00,169303.00,16.45
1781,TIDAL WAVE,7930 STATE LINE RD,PRAIRIE VILLAGE,66208-3708,,2025,216576.00,192192.00,12.69
1783,TIDAL WAVE,3893 ATMORE GRV DR,LUTZ,33548-7990,,2025,168732.00,180317.00,-6.42
1786,SOAPY JOES,10383 FRIARS RD,SAN DIEGO,92120-2302,,2025,256880.00,249607.00,2.91
1792,RUTTERS FARM STORES,910 S RICHLAND AVE,YORK,17403-3448,,2025,5263.00,5825.00,-9.65
1797,AWSS INC,7602 EL CAM REAL,CARLSBAD,92009-7901,,2025,41472.00,48446.00,-14.40
1802,JACK ANTHONY INDUSTRIES,2035 SOLANO AVE,VALLEJO,94590-6456,,2025,319004.00,283487.00,12.53
1806,BLUE WAVE EXPRESS,7424 FM 1488,MAGNOLIA,77354-5976,,2025,100332.00,103773.00,-3.32
1808,RACEWAY CARWASH,13770 N 35TH AVE,PHOENIX,85029-1246,,2025,108196.00,91629.00,18.08
1810,HY-VEE GAS,2401 OAK HL RD,PLATTSMOUTH,68048-5344,,2025,11497.00,12958.00,-11.27
1811,ZIPS,4711 DIXIE HWY,LOUISVILLE,40216-2643,,2025,113120.00,79890.00,41.59
1814,CALIBER CAPITAL,6750 ALOMA AVE,WINTER PARK,32792,,2025,149593.00,172440.00,-13.25
1815,ZIPS,950 SONOMA PARK DR,NORMAN,73071,,2025,30174.00,41583.00,-27.44
1816,RUTTERS FARM STORES,2490 CPE HORN RD,YORK,17402-7900,,2025,820.00,5778.00,-85.81
1822,ZIPS,565 S ANDOVER RD,ANDOVER,67002-8804,,2025,22378.00,36531.00,-38.74
1827,TIDAL WAVE,2745 POWDER SPGS RD,MARIETTA,30064-4517,,2025,84175.00,80949.00,3.99
1830,ZIPS,5900 QUEBEC ST,FORT WORTH,76135-3605,,2025,81035.00,80909.00,0.16
1832,TIDAL WAVE,2054 LANTERN RDG DR,RICHMOND,40475-6010,,2025,137192.00,136949.00,0.18
1836,TIDAL WAVE,2500 CANDLER RD,DECATUR,30032-6500,,2025,118206.00,129766.00,-8.91
1840,TIDAL WAVE,101 TAR RIV DR,TARBORO,27886-4859,,2025,143293.00,115343.00,24.23
1845,ZIPS,3661 N NEWTON ST,JASPER,47546-8014,,2025,41070.00,40839.00,0.57
1849,ZIPS,10799 PAGE AVE,SAINT LOUIS,63132-1015,,2025,10405.00,19419.00,-46.42
1851,RACEWAY CARWASH,8301 W ENCANTO BLVD,PHOENIX,85037-3609,,2025,78160.00,75602.00,3.38
1852,SPEEDWAY,10440 LOVELAND MADEIRA RD,LOVELAND,45140-9338,,2025,4751.00,5058.00,-6.07
1853,TIDAL WAVE,2641 GENTRY MEMORIAL HWY,PICKENS,29671,,2025,128269.00,103733.00,23.65
1856,SPINX COMPANY,2601 PELHAM RD,GREENVILLE,29615-4014,,2025,149004.00,137807.00,8.13
1858,ZIPS,3101 N PRINCE ST,CLOVIS,88101-3829,,2025,69605.00,89296.00,-22.05
1859,SUN MOTOR IMPORTS,356 WOODS DR,MECHANICSBURG,17050-2648,,2025,5961.00,2059.00,189.51
1863,FAST EDDIES CAR WASH,1166 N US HWY 31,PETOSKEY,49770-9346,,2025,69113.00,96829.00,-28.62
1866,ZIPS,1004 S WALTON BLVD,BENTONVILLE,72712-6283,,2025,26959.00,44412.00,-39.30
1868,MOTUS EXPRESS CARWASH,4900 SPC CTR BLVD,PASADENA,77505-3810,,2025,12911.00,15123.00,-14.63
1869,ZIPS,125 TUNL RD,ASHEVILLE,28805-1817,,2025,129981.00,107862.00,20.51
1873,ZIPS,1706 W MAIN ST,SALEM,24153-3114,,2025,78601.00,67470.00,16.50
1876,FAST EDDIES CAR WASH,3090 BAY RD,SAGINAW,48603-2415,,2025,120800.00,120832.00,-0.03
1877,ZIPS,2915 WIMSATT CT,OWENSBORO,42303,,2025,11017.00,17253.00,-36.14
1880,ZIPS,4405 BARDSTOWN RD,LOUISVILLE,40218-3254,,2025,77948.00,57577.00,35.38
1881,TIDAL WAVE,2705 HELENA RD,HELENA,35080-3244,,2025,87127.00,69766.00,24.88
1882,ZIPS,7510 PURFOY RD,FUQUAY VARINA,27526-8928,,2025,42396.00,43724.00,-3.04
1884,TIDAL WAVE,365 HISTORIC HWY 441,CORNELIA,30531-5736,,2025,169014.00,156242.00,8.17
1885,JACK ANTHONY INDUSTRIES,108 ELMIRA RD,VACAVILLE,95687-4701,,2025,179697.00,170946.00,5.12
1889,SPEEDWAY,1005 S PERU ST,CICERO,46034-9657,,2025,140.00,1206.00,-88.39
1892,ZIPS,4101 OLTON RD,PLAINVIEW,79072-9574,,2025,69390.00,84455.00,-17.84
1893,TIDAL WAVE,11540 PEARLAND PKWY,HOUSTON,77089-2642,,2025,204945.00,233905.00,-12.38
1896,ZIPS,2809 PAT BOOKER RD,UNIVERSAL CITY,78148-2729,,2025,27159.00,48050.00,-43.48
1901,ZIPS,3005 JUSTIN RD,FLOWER MOUND,75028-2762,,2025,72670.00,91059.00,-20.19
1902,ZIPS,7931 E 37TH ST N,WICHITA,67226-2814,,2025,12369.00,20986.00,-41.06
1906,RACEWAY CARWASH,1740 N 67TH AVE,PHOENIX,85035-4756,,2025,63032.00,76459.00,-17.56
1907,HURRICANE EXPRESS WASH,1101 MACKEY AVE,CHATTANOOGA,37421-4229,,2025,90388.00,103829.00,-12.95
1908,SPINX COMPANY,103 SHAW ST,GREENVILLE,29609-5249,,2025,83675.00,85523.00,-2.16
1909,ZIPS,1975 US HWY 70 SE,HICKORY,28602-5159,,2025,135871.00,122859.00,10.59
1910,CALIBER CAPITAL,5402 FLOYD RD SW,MABLETON,30126-2218,,2025,95013.00,96145.00,-1.18
1913,ZIPS,1565 N GERMANTOWN PKWY,CORDOVA,38016-5966,,2025,26047.00,40648.00,-35.92
1914,ZIPS,3410 S KINGSHIGHWAY BLVD,SAINT LOUIS,63139-1202,,2025,62367.00,79426.00,-21.48
1916,ZIPS,4416 WESTERN AVE,KNOXVILLE,37921-4307,,2025,35244.00,47935.00,-26.48
1923,ZIPS,155 FINIS SPGS DR,CORNELIA,30531,,2025,36302.00,35640.00,1.86
1924,TIDAL WAVE,2530 BROAD ST,SUMTER,29150-1851,,2025,248692.00,252232.00,-1.40
1925,ZIPS,143 SMOKEY PARK HWY,ASHEVILLE,28806,,2025,150993.00,125785.00,20.04
1926,RACEWAY CARWASH,4210 W GLENDALE AVE,PHOENIX,85051-8138,,2025,90437.00,78390.00,15.37
1930,FAST EDDIES CAR WASH,15180 N HOLLY RD,HOLLY,48442-1139,,2025,68074.00,69063.00,-1.43
1932,ZIPS,5615 KINGSTON PIKE,KNOXVILLE,37919-6347,,2025,44906.00,48103.00,-6.65
1935,ZIPS,2755 AGNES LN,MYRTLE BEACH,29577,,2025,65929.00,84553.00,-22.03
1936,ZIPS,2704 N BRYANT BLVD,SAN ANGELO,76903-2863,,2025,83143.00,88984.00,-6.56
1938,SPEEDWAY,2030 E NATIONAL AVE,BRAZIL,47834-2829,,2025,8372.00,7707.00,8.63
1945,SPINX COMPANY,3 REID SCHOOL RD,TAYLORS,29687-2201,,2025,81648.00,91085.00,-10.36
1946,TIDAL WAVE,4140 FOUNTAIN LN,HORN LAKE,38637,,2025,81696.00,75914.00,7.62
1947,CAR WASH OPERATIONS,1020 NORTHGATE MILE,IDAHO FALLS,83401-2028,,2025,21579.00,32448.00,-33.50
1951,RUTTERS FARM STORES,8210 DERRY ST,HUMMELSTOWN,17036-9304,,2025,536.00,1852.00,-71.06
1955,ZIPS,1113 JENNINGS AVE,SENECA,29678-2555,,2025,26462.00,44174.00,-40.10
1957,ZIPS,14021 CANTRELL RD,LITTLE ROCK,72223-1509,,2025,42742.00,53832.00,-20.60
1962,ZIPS,12864 TESSON FRY RD,SAINT LOUIS,63128-4810,,2025,9684.00,15948.00,-39.28
1963,ZIPS,440 W NEW CIR RD,LEXINGTON,40511-1831,,2025,60307.00,44322.00,36.07
1972,ZIPS,1942 MR JOE WHITE AVE,MYRTLE BEACH,29577-5624,,2025,44680.00,50081.00,-10.78
1982,FAST EDDIES CAR WASH,1090 E M 21,OWOSSO,48867-9007,,2025,144002.00,143155.00,0.59
1984,TIME TO SHINE,1114 SAM RITTENBERG BLVD,CHARLESTON,29407-3363,,2025,132386.00,143397.00,-7.68
1987,MORENO VALLEY 76,12611 MORENO BCH DR,MORENO VALLEY,92555-4415,,2025,22435.00,22132.00,1.37
