site_client_id,location_id,client_id,street,city,zip,new_operational_start_date,quarter,current_count,previous_count,yoy_percent_change,location_match_source
9,1,Aloha Car Wash,5360 Laurel Springs Pkwy,Suwanee,30024,,2025,181713.94,196996.0,-7.76,site_client
10,1,Aloha Car Wash 2,13001 NE 177th Pl,Woodinville,98072,,2025,74609.21,77813.6,-4.12,site_client
11,2,Aloha Car Wash 2,17818 Bothell Everett Hwy,Bothell,98012,,2025,79866.25,80275.67,-0.51,site_client
14,1,Alpine Wash,250 S Denton Tap Rd,Coppell,75019,,2025,153450.27,152968.0,0.32,site_client
15,1,Alton Town Center,5200 Donald Ross Rd,Palm Beach Gardens,33418,,2025,94064.69,65277.0,44.1,site_client
18,4,American Pride,8909 Six Forks Rd,Raleigh,27615,,2025,291222.24,274462.0,6.11,site_client
19,1,American Pride,1421 US-70,Garner,27529,,2025,218702.0,225930.0,-3.2,site_client
20,5,American Pride,3810 New Bern Ave,Raleigh,27610,,2025,162939.22,133050.0,22.46,site_client
21,3,American Pride,1203 N Brightleaf Blvd,Smithfield,27577,,2025,390296.33,361289.0,8.03,site_client
24,3,Aqua Blue Car Wash,1097 Duluth Hwy,Lawrenceville,30043,,2025,218303.09,176096.0,23.97,site_client
26,1,Aqua Blue Car Wash,85 Peachtree Industrial Blvd,Sugar Hill,30518,,2025,193216.26,169694.0,13.86,site_client
27,1,Aqua Breeze Car Wash,150 E Felton Rd,Cartersville,30120,,2025,228656.71,185018.0,23.59,site_client
29,1,Aqua Bubble Car Wash,5860 Bethelview Rd,Cumming,30040,,2025,94005.02,105324.0,-10.75,site_client
34,1,Aqua Shine Express,509 S Pleasantburg Dr,Greenville,29607,,2025,67812.19,67932.32,-0.18,site_client
35,1,Arco Wash,4433 Lancaster Dr NE,Salem,97305,,2025,24852.1,25633.0,-3.05,site_client
36,1,Atlantic City Car Wash,44 N Albany Ave,Atlantic City,08401,,2025,175345.76,189175.0,-7.31,site_client
37,1,Atlantic Express,7700 Atlantic Ave,Cudahy,90201,,2025,128957.47,143124.0,-9.9,site_client
38,1,Auto Brite Express,211 N Cooper Dr,Henderson,27536,,2025,109634.72,82986.0,32.11,site_client
40,1,Auto Soak,18711 S Gardner Rd,Gardner,66030,,2025,97796.31,78600.0,24.42,site_client
43,3,Autobahn Auto Care Center,1225 Guyer Ave,Richland,99352,,2025,39744.58,16375.96,142.7,site_client
44,1,Autobahn Auto Care Center,3928 W Clearwater Ave,Kennewick,99336,,2025,178428.0,179010.0,-0.33,site_client
46,1,Autosport Car Wash,6628 Whittlesey Blvd,Columbus,31909,,2025,105592.38,99899.0,5.7,site_client
47,1,Autowash Express,1398 S Wadsworth Blvd,Lakewood,80232,,2025,42161.46,43464.1,-3.0,site_client
51,1,Bamboo Carwash,240 Marketplace Blvd,Dawsonville,30534,,2025,343027.18,321851.0,6.58,site_client
54,1,Beach Bum Express,7602 El Camino Real,Carlsbad,92009,,2025,79196.0,77206.0,2.58,site_client
55,1,Bella Stone Car Wash,2413 Palermo Parkway,Temple,76502,,2025,39844.13,39527.0,0.8,site_client
60,1,Big Kahuna Car Wash,61 Commodore St,Hazard,41701,,2025,52366.46,53101.0,-1.38,site_client
61,1,Big Peach Car Wash,126 N Lee St,Forsyth,31029,,2025,197919.48,211999.0,-6.64,site_client
64,3,Big Peach Car Wash,583 E 3rd St,Jackson,30233,,2025,151589.82,153084.0,-0.98,site_client
68,7,Big Peach Car Wash,1935 Hwy 138 SE,Conyers,30013,,2025,91225.0,97991.0,-6.9,site_client
69,5,Big Peach Car Wash,3479 Hwy 81,McDonough,30252,,2025,229024.33,218120.0,5.0,site_client
82,1,Blu Palm Express,8403 S Tamiami Trail,Sarasota,34238,,2025,55809.0,68693.0,-18.76,site_client
87,1,Blue Cow Car Wash,10 Commons Way,Kalispell,59901,,2025,284004.08,282885.0,0.4,site_client
88,6,Blue Iguana,1137 W Kearney St,Springfield,65803,,2025,72067.0,63343.0,13.77,site_client
89,7,Blue Iguana,3155 S Campbell Ave,Springfield,65807,,2025,176080.0,162084.0,8.64,site_client
90,1,Blue Iguana,3316 W Chestnut Expy,Springfield,65802,,2025,212275.79,199285.0,6.52,site_client
91,5,Blue Iguana,4304 S Fremont Ave,Springfield,65804,,2025,185613.49,158137.0,17.38,site_client
92,3,Blue Iguana,1640 E Sunshine St,Springfield,65804,,2025,169140.69,168225.0,0.54,site_client
93,4,Blue Iguana,2118 E Kearney St,Springfield,65803,,2025,150402.78,138136.0,8.88,site_client
95,2,Blue Penguin Car Wash,1475 N Expy,Griffin,30223,,2025,124707.41,121042.0,3.03,site_client
96,3,Blue Penguin Car Wash,2204 Roswell Rd,Marietta,30062,,2025,58920.53,56160.0,4.92,site_client
97,1,Blue Penguin Car Wash,5897 Fairburn Rd,Douglasville,30134,,2025,119683.23,127677.0,-6.26,site_client
101,1,Blue Sky Englewood,3718 S Broadway,Englewood,80113,,2025,51061.11,41090.0,24.27,site_client
226,1,Boca Best Car Wash,6603 Jog Rd,Boca Raton,33496,,2025,36837.0,38469.0,-4.24,site_client
227,1,Brickyard Car Wash,9020 Sage Ave,Naples,34120,,2025,151335.11,149538.0,1.2,site_client
233,1,Brookhurst Express Car Wash,14571 Brookhurst St,Westminster,92683,,2025,105865.89,116400.09,-9.05,site_client
235,1,Bubbas Express Car Wash,1505 E Hammer Ln,Stockton,95210,,2025,195773.62,198190.0,-1.22,site_client
240,4,Bubble Down,10737 Big Bend Rd,Riverview,33579,,2025,273078.72,228523.0,19.5,site_client
244,1,Bubble Down,15305 N Nebraska Ave,Tampa,33613,,2025,312832.0,300016.0,4.27,site_client
246,1,Buckeye Car Wash,4521 KENNY RD,COLUMBUS,43220,,2025,154092.32,157080.8,-1.9,site_client
247,1,Buff it Auto Wash,1408 E Wade Watts Ave,McAlester,74501,,2025,80050.68,87240.0,-8.24,site_client
248,2,Buff it Auto Wash,1699 Stick Ross Mountain Rd,Tahlequah,74464,,2025,64354.19,57656.0,11.62,site_client
251,1,BuggyBath,2525 S Virginia St,Reno,89502,,2025,60431.4,71284.61,-15.23,site_client
252,1,Bulldog Car Wash,2920 Atlanta Hwy,Athens,30606,,2025,24492.14,26662.0,-8.14,site_client
255,6,Cadillac Express Carwash,2005 Bingle Rd,Houston,77055,,2025,65179.26,70983.0,-8.18,site_client
257,7,Cadillac Express Carwash,9520 Cullen Blvd,Houston,77051,,2025,114280.38,99940.0,14.35,site_client
258,3,Cadillac Express Carwash,235 E Little York Rd,Houston,77076,,2025,172879.13,183918.0,-6.0,site_client
259,1,Cadillac Express Carwash,13450 Tomball Pkwy,Houston,77086,,2025,116705.78,142170.0,-17.91,site_client
261,2,Cajun Clean,2235 US-90,Gautier,39553,,2025,181441.44,185502.0,-2.19,site_client
263,1,Canton Auto Wash,45425 Michigan Ave,Canton,48188,,2025,69060.55,66299.0,4.17,site_client
264,1,Capitol Car Wash,3125 Airport Rd,Pierre,57501,,2025,88071.82,87217.0,0.98,site_client
266,1,Car Wash Cafe,3050 N University Dr,Sunrise,33322,,2025,27215.36,28297.34,-3.82,site_client
269,1,Car Wash Palace,4600 Coral Ridge Drive,Coral Springs,33067,,2025,67062.51,68544.0,-2.16,site_client
270,1,Carisma Car Wash,2407 W Dickinson Blvd,Fort Stockton,79735,,2025,56492.8,58416.0,-3.29,site_client
271,4,Carmel Car Wash,9115 Garland Rd,Dallas,75218,,2025,194240.15,205162.0,-5.32,site_client
272,3,Carmel Car Wash,2003 S Goliad St,Rockwall,75087,,2025,105541.1,121404.0,-13.07,site_client
273,2,Carmel Car Wash,5780 Eldorado Pkwy,Frisco,75034,,2025,94331.17,104073.0,-9.36,site_client
274,1,Carroll Clean Car Wash,11260 Dolfield Blvd,Owings Mills,21117,,2025,211295.38,178791.0,18.18,site_client
278,7,Century Car Wash,620 W Service Rd,West Memphis,72301,,2025,156106.46,129895.0,20.18,site_client
279,5,Century Car Wash,7050 Winchester Rd,Memphis,38125,,2025,117813.0,156411.0,-24.68,site_client
280,6,Century Car Wash,328 E Main St,Senatobia,38668,,2025,110052.37,99687.0,10.4,site_client
282,2,Century Car Wash,1101 Church Rd W,Southaven,38671,,2025,126071.0,132446.0,-4.81,site_client
283,1,Century Car Wash,29 Robbins Rd,Covington,38019,,2025,133669.0,132856.0,0.61,site_client
284,4,Century Car Wash,1690 Goodman Rd,Horn Lake,38637,,2025,117684.19,125092.0,-5.92,site_client
285,8,Century Car Wash,2660 McIngvale Rd,Hernando,38632,,2025,128013.0,100959.0,26.8,site_client
286,1,Chagrin Auto Spa,8327 E Washington St,Chagrin Falls,44023,,2025,44155.96,40887.9,7.99,site_client
288,3,Champion CW,101 Ren Mar Dr,Pleasant View,37146,,2025,61110.63,62123.0,-1.63,site_client
289,1,Champion CW,1432 Robinson Rd,Old Hickory,37138,,2025,60168.0,62268.0,-3.37,site_client
290,2,Champion CW,1159 W Main St,Hendersonville,37075,,2025,64384.72,69916.0,-7.91,site_client
291,9,Champion CW,271 New Shackle Island Rd,Hendersonville,37075,,2025,47256.3,53229.0,-11.22,site_client
293,10,Champion CW,3855 Dickerson Pike,Nashville,37207,,2025,58237.76,63484.0,-8.26,site_client
294,1,Champions Car Wash,20118 Stone Oak Parkway,San Antonio,78258,,2025,148037.79,136921.0,8.12,site_client
295,1,Champs Car Wash,775 N Mustang Rd,Tuttle,73089,,2025,35255.42,33200.38,6.19,site_client
296,1,Chandi Carwash,1801 Lander Ave,Turlock,95380,,2025,1267.54,1621.4,-21.82,site_client
297,1,Chemical Guys Car Wash,21003 Bloomfield Ave,Lakewood,90715,,2025,266044.86,190453.0,39.69,site_client
298,1,Circle K,954 US-27,Somerset,42501,,2025,8442.78,11324.57,-25.45,site_client
299,3,Circle K,1830 E. Hwy 80,Somerset,42503,,2025,11948.3,11166.05,7.01,site_client
301,2,Circle K,1990 Oak Hill Road,Somerset,42503,,2025,7963.51,10352.19,-23.07,site_client
306,1,Classic Auto Wash,289 N Comrie Ave,Johnstown,12095,,2025,148861.0,160795.0,-7.42,site_client
309,1,Classic Touch Car Wash,2758 Reynolda Rd,Winston-Salem,27106,,2025,44940.29,40693.83,10.44,site_client
310,1,Classie Express Car Wash,510 E Broadway,Louisville,40202,,2025,47922.77,26250.0,82.56,site_client
316,2,Clean,1020 Pear Drive,Huntsville,77320,,2025,175981.27,150790.0,16.71,site_client
317,1,Clean Car Wash,3975 N Federal Hwy,Boca Raton,33431,,2025,26187.89,25485.87,2.75,site_client
320,1,Clean Wave,11031 Los Alamitos Blvd,Los Alamitos,90720,,2025,209815.67,218191.0,-3.84,site_client
321,1,Clean Wheels,3919 Cheyenne Street,Cheyenne,82001,,2025,63793.45,79156.0,-19.41,site_client
367,1,Closter Car Wash,11 Endres St,Closter,07624,,2025,48828.77,48340.07,1.01,site_client
369,3,Coastal Car Wash,9123 Ocean Hwy,Pawleys Island,29585,,2025,60.53,64.53,-6.2,site_client
370,1,Coastal Car Wash,9123 Ocean Hwy,Pawleys Island,29585,,2025,145694.03,143736.0,1.36,site_client
371,1,Colonial Car Wash,11021 Colonial Blvd,Fort Myers,33913,,2025,95234.22,98263.42,-3.08,site_client
372,6,Colonial Car Wash,1405 Woodruff Rd,Greenville,29607,,2025,47143.06,35583.0,32.49,site_client
373,3,Colonial Car Wash,2900 Wade Hampton Blvd,Taylors,29687,,2025,80616.39,90968.0,-11.38,site_client
374,4,Colonial Car Wash,6050 Wade Hampton Blvd,Taylors,29687,,2025,60011.47,65019.0,-7.7,site_client
377,1,Complete Auto Detail & Car Wash,1516 W 5th St,Austin,78703,,2025,6262.67,11372.98,-44.93,site_client
379,1,Controls Training Classroom,6501 Nob Hill Rd,Tamarac,33321,,2025,1154.23,2118.98,-45.53,site_client
380,1,Cool Clean Car Wash,1255 W Palmetto Park Rd,Boca Raton,33486,,2025,185986.55,181651.0,2.39,site_client
383,1,Coral Springs Classic Car Wash,10610 Wiles Rd,Coral Springs,33076,,2025,61233.31,45740.0,33.87,site_client
389,1,Crystal Clean Auto Spa,75 Old HWY 96,Bonaire,31005,,2025,255632.33,237335.0,7.71,site_client
412,1,David Chevrolet,10225 Niagara Falls Blvd,Niagara Falls,14304,,2025,42628.44,39006.51,9.29,site_client
413,1,Daybreak,19701 Cochran Blvd,Port Charlotte,33948,,2025,143718.02,142829.0,0.62,site_client
417,4,Detricks,1036 Glenforest Rd,Myrtle Beach,29579,,2025,204397.12,178311.0,14.63,site_client
420,1,Dino Dash Wash,575 N Dixie Dr,St. George,84770,,2025,124202.2,119770.0,3.7,site_client
421,2,Dino Dash Wash,2054 E Riverside Dr,St. George,84790,,2025,211804.19,239969.0,-11.74,site_client
425,1,Dix Hill Car Wash New,1232 E Jericho Turnpike,Huntington,11743,,2025,30955.02,36121.0,-14.3,site_client
430,1,Drip Auto Spa,8955 Indianapolis Blvd,Highland,46322,,2025,156408.78,122133.0,28.06,site_client
431,1,Drip Car Wash,3709 Owen Rd,Fenton,48430,,2025,155962.88,122714.0,27.09,site_client
434,1,Drive Thru Express,590 N Magnolia Ave,Anaheim,92801,,2025,109408.47,121867.0,-10.22,site_client
438,2,Edge Express,925 E Dixon Blvd,Shelby,28152,,2025,133990.42,121538.0,10.25,site_client
441,6,Edge Express,1004 Morrisville Carpenter Rd,Morrisville,27560,,2025,123634.06,93884.0,31.69,site_client
444,1,Edge Express,17000 Jefferson Davis Hwy,Dumfries,22026,,2025,283951.79,257788.0,10.15,site_client
445,5,Edge Express,4717 Veterans Pwky,Garner,27529,,2025,365383.69,342057.82,6.82,site_client
446,4,Edge Express,1696 E Dixon Blvd,Shelby,28152,,2025,32444.25,29894.0,8.53,site_client
447,8,Edge Express,110 Patriot Crossing Drive,Stafford,22554,,2025,219886.33,149090.0,47.49,site_client
465,1,Elks Edge,547 CC Camp Rd,Elkin,28621,,2025,332687.91,294734.0,12.88,site_client
466,1,Encinitas Car Wash,293 N El Camino Real,Encinitas,92024,,2025,62728.53,69714.63,-10.02,site_client
467,1,Encino Car Wash,17432 Ventura Blvd,Los Angeles,91316,,2025,314581.02,285648.0,10.13,site_client
468,1,Englewood Car Wash,287 S Indiana Ave,Englewood,34223,,2025,23572.5,23963.73,-1.63,site_client
470,1,Evanston Car Wash,2416 Dempster St,Evanston,60202,,2025,46666.83,33530.47,39.18,site_client
471,1,Evergreen Car Wash,3303 San Felipe Rd,San Jose,95135,,2025,40652.6,41832.0,-2.82,site_client
478,1,Express On Vaughn,6870 Vaughn Rd,Montgomery,36116,,2025,70636.26,65709.0,7.5,site_client
481,1,Express Wash,5430 Florida Ave S,Lakeland,33813,,2025,219201.06,202764.0,8.11,site_client
482,3,Express Wash,1095 Amber Pointe Blvd,Kissimmee,34744,,2025,130917.3,136810.0,-4.31,site_client
483,4,Express Wash,445 Florida Central Pkwy,Longwood,32750,,2025,280999.48,231897.0,21.17,site_client
485,1,Expressway 55,800 Motor Pkwy,Brentwood,11717,,2025,32227.46,36227.78,-11.04,site_client
486,1,Extreme Express,655 W San Carlos St,San Jose,95126,,2025,308670.99,286874.0,7.6,site_client
488,1,Fast Lap Car Wash,3830 N 51st Ave,Phoenix,85031,,2025,100176.0,98031.0,2.19,site_client
491,1,Fast Pass Car Wash,638 North H Street,Lompoc,93436,,2025,64747.43,72009.97,-10.09,site_client
493,1,Fast Trac,550 Maxham Rd,Austell,30168,,2025,80504.78,89951.0,-10.5,site_client
494,1,Fastlane Express Car Wash,924 E 30th Ave,Hutchinson,67502,,2025,36298.44,43826.95,-17.18,site_client
498,1,Fine N Shine,1304 TX-121,Bonham,75418,,2025,38843.86,40096.53,-3.12,site_client
499,1,Finz Car Wash,801 W Yamato Rd,Boca Raton,33431,,2025,170605.44,168423.38,1.3,site_client
500,1,Firehose Car Wash,1269 E 17th St,Idaho Falls,83404,,2025,96935.56,72870.0,33.03,site_client
501,7,Five Star,1200 Blowing Rock Rd,Boone,28607,,2025,207518.42,149306.0,38.99,site_client
502,5,Five Star,117 Turnersburg Hwy,Statesville,28625,,2025,355422.74,308423.0,15.24,site_client
503,6,Five Star,3803 W Gate City Blvd,Greensboro,27407,,2025,131887.31,125245.0,5.3,site_client
504,1,Flawless Auto Bath Inc,380 PORT RICHMOND AVE,STATEN ISLAND,10302,,2025,60293.11,57881.0,4.17,site_client
508,8,FoamWorks Express,369 Westfork Ct,Lithia Springs,30122,,2025,74568.98,68269.0,9.23,site_client
509,3,FoamWorks Express,4701 Hartley Bridge Rd,Macon,31216,,2025,97309.62,92230.0,5.51,site_client
510,9,FoamWorks Express,5551 Thomaston Rd.,Macon,31220,,2025,222059.85,194388.0,14.24,site_client
511,6,FoamWorks Express,5200 Altama Ave,Brunswick,31525,,2025,155226.61,143149.0,8.44,site_client
512,10,FoamWorks Express,1303 16th Ave E,Cordele,31015,,2025,146663.29,113062.0,29.72,site_client
513,7,FoamWorks Express,4780 Riverside Dr.,Macon,31201,,2025,65067.0,56282.0,15.61,site_client
515,1,Foothills Car Wash,5010 E Ray Rd,Phoenix,85044,,2025,135293.74,160080.0,-15.48,site_client
525,1,Fusion Express,760 Benetook Ave,Mildura,3500,,2025,51423.0,48487.0,6.06,site_client
528,1,Gallo Car Wash,3020 NW 13th St,Gainesville,32609,,2025,298345.32,240336.0,24.14,site_client
552,3,Glacier Express,90 24th St W,Billings,59102,,2025,105680.87,106012.0,-0.31,site_client
555,1,Glo Car Wash,8409 Bedford Euless Rd,Hurst,76053,,2025,101509.49,59893.0,69.48,site_client
556,1,Gloss Car Wash,5712 Lawrenceville Hwy,Lilburn,30047,,2025,96008.43,134570.0,-28.66,site_client
557,2,Go Clean Car Wash,3218 N Monroe St,Tallahassee,32303,,2025,53906.0,61820.0,-12.8,site_client
558,1,Go Clean Car Wash,2315 Capital Cir NE,Tallahassee,32308,,2025,67297.81,83141.0,-19.06,site_client
559,3,Go Clean Car Wash,1 Veteran Blvd,Eufaula,36027,,2025,85359.0,82370.0,3.63,site_client
560,2,Go Clean Pensacola,6658 Mobile Hwy,Pensacola,32526,,2025,89872.0,79567.0,12.95,site_client
563,1,Go Green N Clean1,196 Onix Dr,Kennett Square,19348,,2025,142111.14,143978.0,-1.3,site_client
579,1,Googie,8016 Santa Fe Springs Rd.,Whittier,90602,,2025,253607.14,239030.61,6.1,site_client
580,1,Grand Prix Car Wash,3080 San Pablo Dam Rd,San Pablo,94803,,2025,24113.25,25095.0,-3.91,site_client
582,1,Great North Auto Wash,2701 N Lincoln Rd,Escanaba,49829,,2025,81887.87,72375.87,13.14,site_client
583,1,Green Ocean Car Wash,187 Teaticket Hwy,Falmouth,02536,,2025,107813.66,99077.0,8.82,site_client
588,1,Grime Scene,513 TX-114,Levelland,79336,,2025,157391.57,149959.0,4.96,site_client
590,1,Gwatzilla Car Wash,1701 T P White Dr,Jacksonville,72076,,2025,97642.46,94046.0,3.82,site_client
591,1,H2GLO CAR WASH,1905 Electric Rd,Cave Spring,24018,,2025,189753.19,172653.43,9.9,site_client
592,1,H2O Auto Spa,2545 HYLAN BLVD,STATEN ISLAND,10306,,2025,74370.26,69827.0,6.51,site_client
593,5,Haffners,2221 Main St,Tewksbury,01876,,2025,38458.47,39849.0,-3.49,site_client
594,2,Haffners,469 Haverhill St,Lawrence,01841,,2025,106936.81,98502.0,8.56,site_client
596,6,Haffners,96 Pleasant Valley St,Methuen,01844,,2025,93111.43,86513.0,7.63,site_client
597,10,Haffners,215 Lowell Rd,Hudson,03051,,2025,72579.58,72993.0,-0.57,site_client
599,1,Haffners,69 Parker St,Lawrence,01843,,2025,299211.1,275306.0,8.68,site_client
600,3,Haffners,330 S Broadway,Lawrence,01843,,2025,111628.69,108306.0,3.07,site_client
602,8,Haffners,73 Plaistow Rd,Haverhill,01830,,2025,90305.93,87454.0,3.26,site_client
603,7,Haffners,1150 Bridge St,Lowell,01850,,2025,100461.0,86862.0,15.66,site_client
616,1,Happy Car Wash 2,527 NW North Albany Rd,Albany,97321,,2025,55189.92,49715.67,11.01,site_client
618,1,Havasu Express,108 N Lake Havasu Ave,Lake Havasu City,86403,,2025,59314.0,30504.0,94.45,site_client
620,8,Heroes Car Wash,1420 E Innes St,Salisbury,28146,,2025,295202.99,259298.0,13.85,site_client
623,3,Heroes Car Wash,2000 Hendersonville Rd,Asheville,28803,,2025,225573.83,217168.0,3.87,site_client
626,9,Heroes Car Wash,1370 NW Maynard Rd,Cary,27513,,2025,239099.47,204379.0,16.99,site_client
627,1,Hippo Car Wash,510 W Bosanko Ave,Coeur d'Alene,83815,,2025,104477.22,102971.0,1.46,site_client
629,1,Hitech Autocare,1675 Ave Victor M Labiosa,San Juan,00926,,2025,62507.39,52371.43,19.35,site_client
633,1,IKO Car Wash,4450 S Pine Island Rd,Davie,33328,,2025,78084.0,70910.0,10.12,site_client
634,1,Imperial Car Wash,8795 Little Rd,New Port Richey,34654,,2025,105184.88,109551.0,-3.99,site_client
637,1,International Auto Spa,4975 Clark Rd,Sarasota,34233,,2025,115767.0,127664.0,-9.32,site_client
642,1,Jammin Car Wash,21356 Walmart Way,Lutz,33548,,2025,173353.76,191790.0,-9.61,site_client
643,1,Jc Auto Wash,701 S Dewey St,North Platte,69101,,2025,10872.56,12018.82,-9.54,site_client
644,1,Jet Express Car Wash,1501 S Main St,Blacksburg,24060,,2025,46204.74,56798.81,-18.65,site_client
645,1,Jet Express Franklin,1121 Georgia Rd,Franklin,28734,,2025,132154.13,111042.0,19.01,site_client
648,1,Jimmy Suds Car Wash,935 S Kipling Pkwy,Lakewood,80226,,2025,143412.97,152689.0,-6.08,site_client
649,1,JJ Express Car Wash,2185 US-70,Thatcher,85552,,2025,68422.0,97971.0,-30.16,site_client
650,3,JJscarwash,121 Maple Leaf Dr,League City,77573,,2025,237883.0,228247.0,4.22,site_client
651,4,JJscarwash,404 FM 517 W,Dickinson,77539,,2025,256607.0,239557.0,7.12,site_client
652,1,JJscarwash,2221 W Parkwood Ave,Friendswood,77546,,2025,123436.0,117402.0,5.14,site_client
656,1,Jules Car Wash,10060 US-301,Riverview,33569,,2025,156139.65,159408.71,-2.05,site_client
657,2,Jules Car Wash,654 W Brandon Blvd,Brandon,33511,,2025,49224.97,54103.0,-9.02,site_client
661,1,Kind Car Wash,3106 N National Rd,Columbus,47201,,2025,199490.16,181190.0,10.1,site_client
663,1,Kiwi Car Wash,4915 20th St,Vero Beach,32966,,2025,367117.26,373193.0,-1.63,site_client
665,1,Koala Car Wash,1560 Lexington Rd,Athens,30605,,2025,59525.12,70093.0,-15.08,site_client
666,1,Kuhnsville Car Wash,5627 Tilghman St,Allentown,18104,,2025,79722.46,77741.0,2.55,site_client
667,1,Kwik Car Wash,4000 Catnip Hill Rd,Nicholasville,40356,,2025,10344.6,8571.59,20.68,site_client
669,1,LA Xpress Car Wash,444 North Franklin Street,Lancaster,17602,,2025,39464.44,36431.07,8.33,site_client
672,1,Lakes Edge,7916 Bradley Long Dr,Sherrills Ford,28673,,2025,115358.68,90650.0,27.26,site_client
673,1,Lathrop Arco Car Wash,2050 Crestwood Ave,Manteca,95336,,2025,144267.36,146530.0,-1.54,site_client
676,1,Legacy Express Wash,2583 E 5th Ave,Columbus,68601,,2025,157229.67,141474.0,11.14,site_client
678,1,Lexington Auto Spa,1124 Winchester Rd,Lexington,40505,,2025,45901.87,40119.0,14.41,site_client
681,1,Lightning Fast,2045 W Oaklawn Rd,Pleasanton,78064,,2025,48130.91,50713.0,-5.09,site_client
686,1,Liquid Sunshine,4132 Southside Blvd,Jacksonville,32256,,2025,33047.29,55577.0,-40.54,site_client
687,1,Local Car Wash,331 W Loudon St,Chambersburg,17201,,2025,32031.97,32418.11,-1.19,site_client
689,2,Lonestar Suds Express,12606 Indiana Ave,Lubbock,79423,,2025,307162.41,289464.0,6.11,site_client
693,1,Louisville Honda World,1 Swope Autocenter Dr,Louisville,40299,,2025,34265.18,40434.62,-15.26,site_client
850,12,Mach 1 Express Wash,2210 S Harper Rd,Corinth,38834,,2025,117819.94,105611.0,11.56,site_client
851,6,Mach 1 Express Wash,157 Plaza Dr,Forest City,28043,,2025,121517.36,118330.0,2.69,site_client
853,13,Mach 1 Express Wash,20945 N Dupont Blvd,Georgetown,19947,,2025,43424.92,47553.0,-8.68,site_client
856,5,Mach 1 Express Wash,5201 NJ-70,Pennsauken Township,08109,,2025,72424.88,83882.0,-13.66,site_client
857,15,Mach 1 Express Wash,155 Plaza Blvd,Madison,35758,,2025,38732.0,37524.0,3.22,site_client
858,1,Mach 1 Express Wash,1559 Rome Hwy,Cedartown,30125,,2025,80208.0,81824.0,-1.97,site_client
861,10,Mach 1 Express Wash,9 Hillview Ave NE,Cartersville,30121,,2025,55714.24,60853.0,-8.44,site_client
863,9,Mach 1 Express Wash,1624 Old Monrovia Rd NW,Huntsville,35806,,2025,67503.0,69732.0,-3.2,site_client
864,4,Magic Brush,4550 Barranca Pkwy,Irvine,92604,,2025,119505.0,107430.0,11.24,site_client
865,3,Magic Brush,2122 W Highland Ave,San Bernardino,92407,,2025,23415.0,28228.0,-17.05,site_client
866,2,Magic Brush,27503 McCall Blvd,Menifee,92585,,2025,58599.0,61813.51,-5.2,site_client
867,1,Magic Brush,22330 Cactus Ave,Moreno Valley,92553,,2025,14989.82,14656.98,2.27,site_client
870,1,Magic City Car Wash,619 N Broadway,Minot,58703,,2025,83201.3,79560.0,4.58,site_client
1003,1,Magnus Car Wash,Kendall Dr,San Bernardino,92407,,2025,13492.23,27942.07,-51.71,site_client
1012,1,Mega Shine,18282 E Thirteen Mile Rd,Roseville,48066,,2025,57442.36,47001.0,22.22,site_client
1016,1,Mendham Car Wash,104 E Main St,Mendham,07945,,2025,32960.0,29976.0,9.95,site_client
1018,1,Mint Carwash,3751 Frankford Rd,Dallas,75287,,2025,75607.0,78966.0,-4.25,site_client
1019,1,Mint Express Carwash,8640 Barker Cypress Rd,Houston,77095,,2025,131208.91,143248.0,-8.4,site_client
1021,3,Mint Express Carwash,23040 Morton Ranch Rd,Katy,77449,,2025,116326.0,117395.0,-0.91,site_client
1024,3,Mistic Express Car Wash,1052 Kauffman Ave,Fairborn,45324,,2025,12991.53,17616.72,-26.25,site_client
1025,2,Mistic Express Car Wash,750 Cincinnati Ave,Xenia,45385,,2025,46679.36,40664.69,14.79,site_client
1026,1,Mistic Express Car Wash,2650 EAST WHIPP ROAD,CENTERVILLE,45440,,2025,46116.63,41243.69,11.81,site_client
1027,1,Mojo Xpress Wash,332 South Green St,Swainsboro,30401,,2025,83612.95,84797.49,-1.4,site_client
1028,2,Mojo Xpress Wash,141 Hopkins Corner Dr,Waynesboro,30830,,2025,64337.0,60941.69,5.57,site_client
1029,1,Monkey Shine,2518 Bob Bullock Loop,Laredo,78045,,2025,66424.99,71510.08,-7.11,site_client
1035,1,Monsters Express LLC,2160 NW Federal Hwy,Stuart,34994,,2025,151569.6,164023.0,-7.59,site_client
1037,1,Mountain Edge,200 E Commonwealth Dr,Wytheville,24382,,2025,261533.94,257509.0,1.56,site_client
1038,2,Mountain Express,226 Old Chimney Rock Rd,Hendersonville,28792,,2025,78210.46,76525.79,2.2,site_client
1039,1,Mountain Express,821 Shepherd St,Hendersonville,28792,,2025,114837.96,95584.0,20.14,site_client
1040,1,Moyka 441,1955 S State Rd 7,Davie,33317,,2025,174444.98,181464.0,-3.87,site_client
1041,3,Moyka 441,1080 NW 31st Ave,Fort Lauderdale,33311,,2025,55709.19,66609.0,-16.36,site_client
1043,12,Mr Clean Car Wash,4175 Jimmy Carter Blvd,Norcross,30093,,2025,37697.69,57441.31,-34.37,site_client
1046,4,Mr Clean Car Wash,262 GA-515,Blairsville,30512,,2025,280838.59,359499.0,-21.88,site_client
1047,6,Mr Clean Car Wash,3020 S Pine Ave,Ocala,34471,,2025,49417.1,79463.0,-37.81,site_client
1049,9,Mr Clean Car Wash,3950 Shallowford Rd,Marietta,30062,,2025,72669.57,76027.0,-4.42,site_client
1050,3,Mr Clean Car Wash,1396 W N Blvd,Leesburg,34748,,2025,94253.19,136963.0,-31.18,site_client
1051,1,Mr Clean Car Wash,4840 Atlanta Hwy,Loganville,30052,,2025,151412.14,165204.73,-8.35,site_client
1055,14,Mr Clean Car Wash,890 Blanding Blvd,Orange Park,32065,,2025,54637.78,78764.16,-30.63,site_client
1057,15,Mr Clean Car Wash,220 Riverstone Pkwy,Canton,30114,,2025,38636.46,47191.0,-18.13,site_client
1058,16,Mr Clean Car Wash,2904 Holcomb Bridge Rd,Alpharetta,30022,,2025,88145.63,96159.27,-8.33,site_client
1059,11,Mr Clean Car Wash,988 Duluth Hwy #120,Lawrenceville,30043,,2025,68118.34,93800.0,-27.38,site_client
1060,13,Mr Clean Car Wash,1382 Pleasant Hill Rd,Lawrenceville,30044,,2025,106376.53,88705.07,19.92,site_client
1063,1,Mr D Car Wash,525 E Sumner St,Hartford,53027,,2025,48893.29,43199.0,13.18,site_client
1076,1,Newport auto spa,1461 Superior Ave,Newport Beach,92663,,2025,17621.45,20712.53,-14.92,site_client
1077,1,Nicholasville Cw,218 Blueberry Ln,Nicholasville,40356,,2025,30742.7,28548.0,7.69,site_client
1078,1,Norco AUTO Spa,996 Mountain Ave,Norco,92860,,2025,39216.67,42351.99,-7.4,site_client
1079,1,North Port Car Wash,14164 Tamiami Trail,North Port,34287,,2025,186899.0,195256.0,-4.28,site_client
1080,1,Oasis Auto Spa,5001 Collin McKinney Pkwy,McKinney,75070,,2025,162767.27,148215.0,9.82,site_client
1081,1,OBXpress,4011 N Croatan Hwy,Kitty Hawk,27949,,2025,49249.09,50993.0,-3.42,site_client
1082,1,Ocean Express,9640 Federal Blvd,Federal Heights,80260,,2025,169465.26,184501.0,-8.15,site_client
1083,1,Ocean State Car Wash,2313 Post Rd,Warwick,02886,,2025,79508.72,83935.0,-5.27,site_client
1087,1,Ollie Wash,3850 Frederica St,Owensboro,42301,,2025,187016.12,186597.0,0.22,site_client
1093,4,Papa Bear,1500 Pearman Dairy Rd,Anderson,29625,,2025,375730.91,337004.0,11.49,site_client
1094,3,Papa Bear,5260 Calhoun Memorial Hwy,Easley,29640,,2025,314319.06,261514.0,20.19,site_client
1095,1,Papa Bear,3436 Clemson Blvd,Anderson,29621,,2025,324972.43,280629.0,15.8,site_client
1097,3,Paradise Falls Carwash,4350 Austell Rd,Austell,30106,,2025,70906.0,63125.0,12.33,site_client
1098,1,Paradise Falls Carwash,1122 Richard D Sailors Pkwy,Powder Springs,30127,,2025,180345.0,170919.0,5.51,site_client
1099,1,Pastime Auto Wash,2610 OLIVE HIGHWAY,OROVILLE,95966,,2025,108630.83,122811.35,-11.55,site_client
1100,1,Patriot Petroleum,2340 W Main Rd,Portsmouth,02871,,2025,13243.53,15586.0,-15.03,site_client
1102,1,Pelican Auto Wash,11370 US-1,North Palm Beach,33408,,2025,156684.66,162478.0,-3.57,site_client
1103,1,Pelican Car Wash,13020 US-1,Sebastian,32958,,2025,211002.71,181010.0,16.57,site_client
1107,1,Pirates Cove,110 Mollie Drive,Goldsboro,27534,,2025,93540.92,80302.0,16.49,site_client
1109,1,Planet Oil,6380 Sashabaw Rd,Clarkston,48346,,2025,134358.0,109882.0,22.27,site_client
1110,1,Platinum Auto Spa,2303 6th Ave SE,Aberdeen,57401,,2025,131358.74,132236.0,-0.66,site_client
1112,1,Precision Express Car Wash,2106 S Main St,Lindale,75771,,2025,61062.0,64601.0,-5.48,site_client
1113,1,Prestige Auto  Spa,15180 Biscayne Blvd,North Miami Beach,33160,,2025,86485.82,87523.0,-1.19,site_client
1114,1,Prestige Car Wash,10004 Brownsboro Rd,Louisville,40241,,2025,194080.27,199954.0,-2.94,site_client
1115,1,Presto Conyers Car Wash,1356 GA-138,Conyers,30013,,2025,81188.56,76221.0,6.52,site_client
1120,1,Pure Car Wash,330 Anna Dr,McComb,39648,,2025,137507.71,137426.0,0.06,site_client
1121,1,PV Car Wash,12621 N Paradise Village Pkwy W,Phoenix,85032,,2025,30109.35,30320.0,-0.69,site_client
1123,1,Quick Jet Car Wash,1217 Dolly Parton Pkwy,Sevierville,37862,,2025,119408.72,116138.0,2.82,site_client
1124,1,Quick n Clean,470 E Kenosha St,Broken Arrow,74012,,2025,99340.84,89639.0,10.82,site_client
1131,3,Radiant Express Car Wash,925 Cypress Pkwy,Kissimmee,34759,,2025,163115.19,178370.0,-8.55,site_client
1134,4,Radiant Express Car Wash,4230 Land O' Lakes Blvd,Land O' Lakes,34639,,2025,131420.18,135623.0,-3.1,site_client
1135,7,Radiant Express Car Wash,7575 Gall Blvd,Zephyrhills,33541,,2025,124095.61,126521.0,-1.92,site_client
1137,5,Radiant Express Car Wash,7104 Mariner Blvd,Spring Hill,34609,,2025,101821.92,109164.0,-6.73,site_client
1139,6,Radiant Express Car Wash,6576 US Hwy 41,Apollo Beach,33572,,2025,188674.4,201812.0,-6.51,site_client
1151,2,Rinse My Ride,515 E Union Hills Dr,Phoenix,85024,,2025,144838.63,156281.38,-7.32,site_client
1153,3,Riptide,3639 Durham-Chapel Hill Blvd,Durham,27707,,2025,297808.62,246528.0,20.8,site_client
1155,5,Riptide,3711 E Franklin Blvd,Gastonia,28056,,2025,315885.22,265542.0,18.96,site_client
1160,8,Riptide,1101 N Bragg Blvd,Spring Lake,28390,,2025,139059.28,108802.0,27.81,site_client
1161,2,Riptide,3025 Mechanicsville Turnpike,Richmond,23223,,2025,142089.02,114085.0,24.55,site_client
1162,1,Riptide,13150 Falls of Neuse Rd,Raleigh,27614,,2025,160146.79,129829.0,23.35,site_client
1167,7,Riptide,3335 Victory Blvd,Portsmouth,23701,,2025,128540.0,108970.0,17.96,site_client
1169,6,Riptide,1001 Dallas Cherryville Hwy,Dallas,28034,,2025,150964.0,115735.0,30.44,site_client
1172,1,Riverhead Toyota Car Wash,1655 County Rd 58,Riverhead,11901,,2025,12061.74,12813.5,-5.87,site_client
1173,1,Riverside,1941 W Main St,Lowell,49331,,2025,174278.14,178829.01,-2.54,site_client
1174,3,Riverside,1370 S State Rd,Ionia,48846,,2025,50709.24,47588.92,6.56,site_client
1175,2,Riverside,617 N Mitchell St,Cadillac,49601,,2025,106471.01,128262.63,-16.99,site_client
1176,3,Road Runner Express,101 Market Center Way,Daleville,24083,,2025,242518.88,216280.0,12.13,site_client
1178,1,Road Runner Express,7816 Timberlake Rd,Lynchburg,24502,,2025,112256.59,82412.0,36.21,site_client
1179,2,Roadrunner,5275 S Moorland Rd,New Berlin,53151,,2025,124305.77,136533.33,-8.96,site_client
1181,1,Roadrunner,811 S Rochester St,Mukwonago,53149,,2025,122456.68,104119.24,17.61,site_client
1182,1,Rock & Roll Car Wash,8320 W Judge Perez Dr,Chalmette,70043,,2025,107566.29,103423.0,4.01,site_client
1185,1,Rock N Roll Express Car Wash,1615 SE Decker Ave,Stuart,34994,,2025,86274.66,99002.0,-12.86,site_client
1186,1,Rockaway Auto Bath,115-05 BEACH CHANNEL DR,ROCKAWAY PARK,11694,,2025,40545.01,41564.64,-2.45,site_client
1187,5,Rocket Wash,694 Braves Blvd NE,Rome,30161,,2025,110347.0,98011.0,12.59,site_client
1189,4,Rocket Wash 2,1846 US-421,Wilkesboro,28697,,2025,243449.27,230451.0,5.64,site_client
1193,7,Rocket Wash 2,211 Fieldale Rd,Mebane,27302,,2025,237660.04,218283.0,8.88,site_client
1196,5,Rocket Wash 2,1207 M.L.K. Jr Blvd,Chapel Hill,27514,,2025,68016.43,55688.0,22.14,site_client
1197,3,Rocket Wash 2,3985 US-421,Wilkesboro,28697,,2025,198457.86,171859.0,15.48,site_client
1198,1,Rocks Edge,116 Carmel Dr,King,27021,,2025,268658.29,253660.0,5.91,site_client
1199,1,Rogue Car Wash,819 SE Mill St,Grants Pass,97526,,2025,353051.56,330642.0,6.78,site_client
1200,1,Rolling Thunder,800 E Main St,Palmyra,17078,,2025,133581.02,116932.0,14.24,site_client
1202,1,Route 66 Car Wash,1650 W Holt Ave,Pomona,91768,,2025,141996.51,146005.66,-2.75,site_client
1204,1,Rub A Dub,707 Taugenbaugh Blvd,Rifle,81650,,2025,103073.68,90457.0,13.95,site_client
1206,1,Russell Speeders Avon,265 W Main St,Avon,06001,,2025,46.67,96.56,-51.67,site_client
1207,3,San Diego Car Care Costa Verde,16757 Bernardo Center Dr,San Diego,92128,,2025,21255.43,21221.38,0.16,site_client
1208,1,San Diego Car Care Costa Verde,8505 Costa Verde Blvd,San Diego,92122,,2025,29135.17,32830.38,-11.26,site_client
1209,2,San Diego Car Care Costa Verde,11030 Rancho Carmel Dr,San Diego,92128,,2025,9393.9,10685.42,-12.09,site_client
1210,4,San Diego Car Care Costa Verde,12889 El Camino Real,San Diego,92130,,2025,5547.95,4771.36,16.28,site_client
1212,1,Saratoga Honda,3402 US-9,Saratoga Springs,12866,,2025,37508.11,32469.06,15.52,site_client
1213,1,SasqWash,4603 Churn Creek Rd,Redding,96002,,2025,96577.29,91360.0,5.71,site_client
1214,1,Scarborough Car Wash,1448 FM 66,Waxahachie,75165,,2025,95697.62,76779.0,24.64,site_client
1218,6,Scrubbles STL,3300 Mid Rivers Mall Dr,St. Peters,63376,,2025,178132.16,178532.0,-0.22,site_client
1219,1,Scrubbles STL,1125 Cave Springs Blvd,St. Peters,63376,,2025,104704.48,79002.0,32.53,site_client
1223,4,Scrubbles STL,297 Salt Lick Rd,St. Peters,63376,,2025,370304.88,359288.0,3.07,site_client
1224,1,Seaford Car Wash,3470 Merrick Rd,Seaford,11783,,2025,40965.57,42056.0,-2.59,site_client
1225,1,Seaway Car Wash,1341 Shelburne Rd,South Burlington,05403,,2025,242999.32,250797.0,-3.11,site_client
1226,3,Seaway Car Wash,1341 Shelburne Rd,South Burlington,05403,,2025,24212.07,24933.0,-2.89,site_client
1227,2,Seaway Car Wash,142 Heineberg Drive,Colchester,05446,,2025,45900.4,39476.1,16.27,site_client
1228,1,Secaucus Car Wash,200 Flanagan Way,Secaucus,07094,,2025,38732.63,38731.99,0.0,site_client
1240,1,Slash 77 Car Wash,1925 Silver City Hwy NW,Deming,88030,,2025,71384.39,71684.0,-0.42,site_client
1241,1,Slim Olson Car Wash,2301 S Main St,Bountiful,84010,,2025,22517.41,23793.0,-5.36,site_client
1243,2,Snap Clean,619 E Belt Line Rd,Cedar Hill,75104,,2025,165490.31,155902.0,6.15,site_client
1244,3,Snap Clean,1060 W Kiest Blvd,Dallas,75224,,2025,162858.77,156824.0,3.85,site_client
1247,1,Snap Clean,110 N Elm Street,Ennis,75119,,2025,109949.46,118676.0,-7.35,site_client
1250,6,Snappy Car Wash,4510 Winkler Ave,Fort Myers,33913,,2025,105223.3,94488.0,11.36,site_client
1251,3,Snappy Car Wash,3150 S Cicero Ave,Cicero,60804,,2025,27144.09,25276.77,7.39,site_client
1252,1,Snappy Kedzie Express Wash,3549 S Kedzie Ave,Chicago,60632,,2025,143199.62,128240.0,11.67,site_client
1253,2,Soak,420-440 Craigieburn rd,craigieburn,3064,,2025,194629.79,168493.0,15.51,site_client
1258,4,Soapatopia,200 W Amaranth Ln,Lincoln,68523,,2025,30115.38,20541.0,46.61,site_client
1259,1,Soapatopia,6930 S. 73rd Street,Lincoln,68516,,2025,44301.76,36353.0,21.87,site_client
1260,1,Soapies,300 E Marshall Ave,Longview,75601,,2025,30102.31,16644.91,80.85,site_client
1263,1,Soapy Saddles,3198 Hamner Ave,Norco,92860,,2025,135974.24,155200.46,-12.39,site_client
1266,1,Soapy Shark,2200 Okeechobee Blvd,West Palm Beach,33409,,2025,131269.52,134698.0,-2.55,site_client
1267,1,Soggy Dog Car Wash,714 Ritter Dr,Glen Morgan,25813,,2025,26957.94,30691.0,-12.16,site_client
1268,1,Solar City,1210 Pioneer Rd,Mesquite,75149,,2025,57090.0,65664.0,-13.06,site_client
1269,1,Some Guys Car Wash,1287 Deer Park Ave,North Babylon,11703,,2025,21092.06,25390.23,-16.93,site_client
1270,1,Sonic Suds,2426 Laurens Rd,Greenville,29607,,2025,186588.42,175598.16,6.26,site_client
1271,4,Sonic Suds,2836 Woodruff Rd,Simpsonville,29681,,2025,301245.39,265549.0,13.44,site_client
1272,2,Sonic Suds,703 SE Main St,Simpsonville,29681,,2025,164884.97,152180.0,8.35,site_client
1273,2,Sonoran Express Car Wash,1523 E Southern Ave,Phoenix,85042,,2025,165828.29,167699.0,-1.12,site_client
1274,1,Sonoran Express Car Wash,16843 N 43rd Ave,Phoenix,85053,,2025,68274.21,81635.0,-16.37,site_client
1286,1,Sparta Car Wash,519 Lafayette Rd,Sparta Township,07871,,2025,19107.04,20976.58,-8.91,site_client
1287,2,Speedy Falcon Car Wash,11230 Strang Line Rd,Lenexa,66215,,2025,33428.0,33043.56,1.16,site_client
1288,1,Speedy Falcon Car Wash,10150 Walker St,Lenexa,66220,,2025,122827.61,122350.0,0.39,site_client
1315,1,Splash Hopper Express Wash,863 Western Bypass,Andalusia,36420,,2025,81037.0,82577.23,-1.87,site_client
1321,1,Squeaky Clean Car Wash 2,3931 Cerrillos Rd,Santa Fe,87507,,2025,31545.37,27408.33,15.09,site_client
1326,2,State Street Auto Wash,5232 N U.S. 23,Oscoda,48750,,2025,69473.31,64920.45,7.01,site_client
1327,1,Staten Island Auto Bath Inc,1531 ARTHUR KILL RD,STATEN ISLAND,10312,,2025,56121.02,44690.0,25.58,site_client
1330,1,Stevens Creek Xpress,3655 Stevens Creek Blvd,Santa Clara,95051,,2025,344533.0,285641.0,20.62,site_client
1331,1,StoneWash Car Care Center,818 Paris Rd,Mayfield,42066,,2025,86665.75,81795.91,5.95,site_client
1348,1,Suds Bucket Car Wash,615 landmark Point Blvd. Suite B,Gray,31032,,2025,159521.99,126908.0,25.7,site_client
1350,3,Suds Deluxe,2991 FM 1460,Georgetown,78626,,2025,205010.66,226162.0,-9.35,site_client
1353,4,Suds Deluxe,18810 IH 35,Kyle,78640,,2025,337083.21,349168.0,-3.46,site_client
1356,7,Suds Deluxe,233 Wonder World Dr,San Marcos,78666,,2025,180989.0,206793.0,-12.48,site_client
1357,5,Suds Deluxe,3327 Spencer Hwy,Pasadena,77504,,2025,132441.0,157641.0,-15.99,site_client
1358,1,Suds Deluxe,24624 Kuykendahl Rd,Tomball,77375,,2025,122725.0,141567.0,-13.31,site_client
1359,8,Suds Deluxe,12119 Murphy Rd,Stafford,77477,,2025,129084.17,134650.0,-4.13,site_client
1363,1,Sun Splash,914 N Stratford Rd,Moses Lake,98837,,2025,188690.0,196331.0,-3.89,site_client
1364,1,Sunny Daze Car Wash,609 N Mayo Trl,Paintsville,41240,,2025,81769.77,69361.21,17.89,site_client
1365,1,Sunrise Car Wash,1820 Sunrise Hwy,Merrick,11566,,2025,37861.06,42242.0,-10.37,site_client
1366,1,Sunset CW,1204 E Sunset Dr,Bellingham,98226,,2025,73938.1,77673.13,-4.81,site_client
1372,1,Super Duck,14533 US-231,Hazel Green,35750,,2025,117031.06,114781.0,1.96,site_client
1373,2,Super Duck,8392 Hwy 72 W,Madison,35757,,2025,206715.0,204580.0,1.04,site_client
1375,1,Super Scrub Car Wash,4405 Pacific Ave,Stockton,95207,,2025,57496.83,50100.0,14.76,site_client
1378,1,Super Splash Carwash,400 S Preston Rd,Prosper,75078,,2025,267600.46,316208.0,-15.37,site_client
1380,1,Super Spray,1581 S Muskogee Ave,Tahlequah,74464,,2025,27076.5,25289.25,7.07,site_client
1381,1,Super Suds,2563 Panola Rd,Lithonia,30058,,2025,335262.28,314743.0,6.52,site_client
1382,1,Superfine Auto Spa,21011 Pioneer Blvd,Lakewood,90715,,2025,16752.09,23357.04,-28.28,site_client
1383,1,Superior Almeda Car Wash,10126 Almeda Genoa Rd,Houston,77075,,2025,50212.0,54929.48,-8.59,site_client
1385,1,Superior Fry Car Wash,2205 Fry Rd,Katy,77449,,2025,30790.11,35246.22,-12.64,site_client
1387,1,Superior Mermaid Carwash,1750 NORTH PARK DRIVE,KINGWOOD,77339,,2025,16250.58,21023.02,-22.7,site_client
1388,1,Superior Shine Car Wash,28100 Harper Ave,St. Clair Shores,48081,,2025,145075.56,137771.98,5.3,site_client
1389,1,Superior Texas Car Wash,7920 Hwy 6,Houston,77083,,2025,34166.77,37985.0,-10.05,site_client
1390,1,Superior Tomball Carwash,27840 Tomball Pkwy,Tomball,77375,,2025,50585.27,51585.0,-1.94,site_client
1395,1,Texas Car Wash,15 Texas Ave,Island Park,11558,,2025,89662.3,96986.0,-7.55,site_client
1397,1,The Auto Spa,2002 W Main St,Durant,74701,,2025,58100.47,63485.0,-8.48,site_client
1398,3,The Auto Spa,3212 University Blvd,Durant,74701,,2025,130571.86,117126.0,11.48,site_client
1404,1,The Washery,127 Airport Rd,Hazleton,18202,,2025,88321.57,83178.55,6.18,site_client
1445,1,TLC Car Wash,2925 Williamson Rd,Roanoke,24012,,2025,16019.24,16739.96,-4.31,site_client
1448,1,Top Wash,5784 Peachtree Industrial Blvd,Atlanta,30341,,2025,233253.22,234572.0,-0.56,site_client
1451,3,Total Package Car Wash,713 NE 13th Ave,Cape Coral,33909,,2025,155901.33,143431.0,8.69,site_client
1452,1,Touch & Go Car Wash,847 Brookway Blvd,Brookhaven,39601,,2025,237581.79,236980.0,0.25,site_client
1455,1,Tru Car Wash,4523 Nine Mile Rd,Richmond,23223,,2025,76269.38,76731.0,-0.6,site_client
1456,1,True Clean,29002 Crossroads Ln,Evergreen,80439,,2025,159413.8,137222.0,16.17,site_client
1457,7,TruShine,1912 TN-394,Blountville,37617,,2025,273629.92,236285.0,15.81,site_client
1458,1,TruShine,203 Linden Square Dr,Bristol,24202,,2025,71630.75,67443.0,6.21,site_client
1459,3,TruShine,25017 Western Loop,Abingdon,24211,,2025,99143.49,98592.71,0.56,site_client
1460,5,TruShine,2227 Fort Henry Dr,Kingsport,37664,,2025,100521.0,81938.0,22.68,site_client
1462,6,TruShine,116 Allensville Rd,Sevierville,37876,,2025,204046.33,197107.0,3.52,site_client
1463,4,TruShine,3033 Boones Creek Rd,Johnson City,37615,,2025,139710.88,122017.0,14.5,site_client
1477,9,Tsunami Car Wash,140 W Puetz Rd,Oak Creek,53154,,2025,292243.47,196876.0,48.44,site_client
1478,7,Tsunami Car Wash,821 Pine Lake Ave,La Porte,46350,,2025,322433.4,250604.0,28.66,site_client
1482,6,Tsunami Car Wash,3251 Grant St,Gary,46408,,2025,301052.27,212301.0,41.8,site_client
1483,3,Tsunami Car Wash,5520 W Layton Ave,Greenfield,53220,,2025,300854.09,218406.0,37.75,site_client
1485,8,Tsunami Car Wash,3105 Willowcreek Rd,Portage,46368,,2025,351017.32,286003.0,22.73,site_client
1487,1,Turnpike Car Wash,217 W Jericho Turnpike,Huntington Station,11746,,2025,59538.94,56365.0,5.63,site_client
1489,1,Twins,2240 N Courtenay Pkwy,Merritt Island,32953,,2025,170689.03,186733.0,-8.59,site_client
1490,1,U S Car Wash,845 N Adair St,Cornelius,97113,,2025,16677.14,15264.33,9.26,site_client
1495,1,V Express Car Wash,479 Lexington Rd,Versailles,40383,,2025,21767.78,18109.66,20.2,site_client
1499,1,Valvoline Express Care,6455 Prutzman Rd,Beaumont,77706,,2025,7787.78,10009.6,-22.2,site_client
1501,1,Venice Car Wash,700 S Tamiami Trail,Venice,34285,,2025,13127.43,15024.61,-12.63,site_client
1503,1,Vibe Car Wash,801 Spring Creek Pkwy,Plano,75023,,2025,245127.29,221985.0,10.43,site_client
1506,1,Vics Car Wash,449 N Bolingbrook Dr,Bolingbrook,60440,,2025,67883.85,63210.23,7.39,site_client
1508,1,Village Car Wash,1050 W Beta St,Green Valley,85614,,2025,69446.71,72875.83,-4.71,site_client
1513,1,Vortex Car Wash,150 Jonathans Way,Suffolk,23434,,2025,117340.0,110006.0,6.67,site_client
1517,3,Wash 37135,118 Henslee Dr,Dickson,37055,,2025,233771.92,217626.0,7.42,site_client
1518,1,Wash 37135,912 Oldham Dr,Nolensville,37135,,2025,184921.1,171905.0,7.57,site_client
1521,1,Wash Ashore Carwash,2304 State Rd,Plymouth,02360,,2025,97682.68,96268.0,1.47,site_client
1529,9,Wash Industries,9915 Bustleton Ave,Philadelphia,19115,,2025,98472.83,109895.27,-10.39,site_client
1530,7,Wash Industries,4601 Chestnut St,Philadelphia,19139,,2025,63456.32,75266.18,-15.69,site_client
1531,3,Wash Industries,5801 Wayne Ave,Philadelphia,19144,,2025,151956.37,180545.75,-15.83,site_client
1532,2,Wash Industries,6025 Lancaster Ave,Philadelphia,19151,,2025,95234.72,100383.59,-5.13,site_client
1534,1,Wash Industries,1309 West Chester Pike,West Chester,19382,,2025,57816.83,60285.28,-4.09,site_client
1535,4,Wash Industries,1400 S Broad St,Philadelphia,19146,,2025,132732.94,151059.71,-12.13,site_client
1536,10,Wash Industries,6135 N Broad St,Philadelphia,19141,,2025,122479.28,123127.14,-0.53,site_client
1537,5,Wash Industries,2622 N Broad St,Philadelphia,19132,,2025,122007.9,120030.52,1.65,site_client
1538,8,Wash Industries,6319 W Passyunk Ave,Philadelphia,19153,,2025,157280.94,239996.25,-34.47,site_client
1547,4,Wash N Roll,6303 Charlotte Pike,Nashville,37209,,2025,128243.53,140472.0,-8.71,site_client
1548,6,Wash N Roll,24925 US-72,Athens,35613,,2025,46988.36,58232.0,-19.31,site_client
1549,3,Wash N Roll,2640 8th Ave S,Nashville,37204,,2025,250119.57,240160.0,4.15,site_client
1550,1,Wash N Roll,5307 Cane Ridge Rd,Nashville,37013,,2025,124887.39,109855.0,13.68,site_client
1551,2,Wash N Roll,7128 Hwy 70 S,Nashville,37221,,2025,223325.84,225056.0,-0.77,site_client
1554,1,Wash Rite,1101 Division Street,Parkersburg,26101,,2025,182527.44,179073.36,1.93,site_client
1555,6,Wash Rite,151 Cadiz Rd,Wintersville,43953,,2025,190208.88,205044.0,-7.24,site_client
1556,4,Wash Rite,2521 Murdoch Ave,Parkersburg,26101,,2025,182706.77,167614.0,9.0,site_client
1557,3,Wash Rite,2504 Grand Central Ave,Vienna,26105,,2025,145447.32,132140.0,10.07,site_client
1560,7,Wash Rite,75 Teletech Dr,Moundsville,26041,,2025,232004.0,202272.0,14.7,site_client
1564,2,Wash Rite,107 Crooked Run Ln,Marietta,45750,,2025,226852.0,222343.42,2.03,site_client
1565,5,Wash Rite,910 W Main St,Bridgeport,26330,,2025,202502.3,204285.0,-0.87,site_client
1579,7,Wash Up,1224 E Ridge Rd,Griffith,46319,,2025,57933.07,43776.0,32.34,site_client
1581,1,Wash Up,460 Morthland Dr,Valparaiso,46383,,2025,60288.51,53623.0,12.43,site_client
1582,2,Wash Up,6259 Melton Rd,Portage,46368,,2025,49131.44,50988.0,-3.64,site_client
1586,1,Washbox Car Wash,180 W Grand Ave,Rainbow City,35906,,2025,187306.84,175185.0,6.92,site_client
1587,1,Washworks Express,601 E King Ave,Kingsville,78363,,2025,28134.0,32834.0,-14.31,site_client
1589,1,Waters Car Wash,2375 S Kanner Hwy,Stuart,34994,,2025,413482.43,395721.0,4.49,site_client
1594,3,Waters Car Wash,2755 10th Ave N,Palm Springs,33461,,2025,262959.67,220380.0,19.32,site_client
1598,1,Waterways Car Spa,1325 Semoran Blvd,Casselberry,32707,,2025,22782.47,27288.22,-16.51,site_client
1599,1,Waterworks Express Car Wash,1557 Marinette Ave,Marinette,54143,,2025,126687.85,139129.67,-8.94,site_client
1600,1,Wave Auto Wash,451 68th St SW,Grand Rapids,49548,,2025,63475.53,46348.07,36.95,site_client
1606,1,Wet Rabbit Express Car Wash,9021 S Tacoma Way,Lakewood,98499,,2025,174555.39,176299.0,-0.99,site_client
1609,3,Wet Rabbit Express Car Wash,1219 State Ave,Marysville,98270,,2025,134827.62,124614.0,8.2,site_client
1610,1,WetnJet Car Wash,516 Friendship Ln,Fredericksburg,78624,,2025,939.4,1419.0,-33.8,site_client
1621,10,Woodies,9350 Theater Dr,Gibsonton,33534,,2025,114556.98,84713.03,35.23,site_client
1622,11,Woodies,111 N Tamiami Trail,Nokomis,34275,,2025,112956.58,78733.2,43.47,site_client
1623,3,Woodies,3401 34th St S,St. Petersburg,33711,,2025,387263.58,331679.0,16.76,site_client
1625,13,Woodies,8680 N. Park Blvd,Seminole,33777,,2025,245515.44,191616.0,28.13,site_client
1626,18,Woodies,13825 State Road 70 E,Bradenton,34202,,2025,199363.81,118329.07,68.48,site_client
1628,7,Woodies,5601 66th St N,St. Petersburg,33709,,2025,257589.66,224332.0,14.83,site_client
1629,15,Woodies,3011 W Gandy Blvd,Tampa,33611,,2025,374554.23,267862.91,39.83,site_client
1630,6,Woodies,4927 FL-674,Wimauma,33598,,2025,245494.32,179477.0,36.78,site_client
1631,14,Woodies,7601 Ulmerton Rd,Largo,33771,,2025,204701.95,165514.44,23.68,site_client
1632,5,Woodies,24749 FL-54,Lutz,33559,,2025,123231.84,107096.0,15.07,site_client
1634,1,Woodies,4545 W Gandy Blvd,Tampa,33611,,2025,258165.99,228191.0,13.14,site_client
1636,19,Woodies,6612 University Pkwy,Sarasota,34240,,2025,256670.56,174997.29,46.67,site_client
1637,3,Wow Car Wash,242 N Broad St,Winder,30680,,2025,162352.09,159029.0,2.09,site_client
1639,1,Xcell Auto Spa,3510 W Boynton Beach Blvd,Boynton Beach,33436,,2025,40973.26,27452.64,49.25,site_client
1641,1,Zelo Car Wash,18690 E Iliff Ave,Aurora,80013,,2025,27442.57,13259.36,106.97,site_client
1642,3,Zips Express Car Wash,301 Grand Hill Pl,Holly Springs,27540,,2025,120031.02,103285.0,16.21,site_client
1645,14,Zips Express Car Wash,13519 US-290,Austin,78737,,2025,117887.31,233320.0,-49.47,site_client
1646,17,Zips Express Car Wash,3601 E US Hwy 377,Granbury,76049,,2025,57797.0,61610.0,-6.19,site_client
1648,15,Zips Express Car Wash,160 Codella Dr,Winchester,40391,,2025,478789.42,187007.0,156.03,site_client
1654,5,Zips Express Car Wash,4860 Cane Run Rd,Louisville,40216,,2025,95616.73,59563.0,60.53,site_client
1655,4,Zips Express Car Wash,508 N Berkeley Blvd,Goldsboro,27534,,2025,85983.88,91439.0,-5.97,site_client
1656,18,Zips Express Car Wash,23685 Walton Ave,New Caney,77357,,2025,106749.78,94431.0,13.05,site_client
1657,1,Zips Express Car Wash,2907 Eagle Dr,Woodstock,30189,,2025,137958.2,117311.0,17.6,site_client
